Date,Open,High,Low,Close,Volume,MarketCap,UsdPrice,AtoRate,AudPrice
30/06/2018,6214.22,6465.51,6214.22,6404.00,4543860000.00,106405000000.00,6404,0.7714,8301.788955
29/06/2018,5898.13,6261.66,5835.75,6218.30,3966230000.00,100981000000.00,6218.3,0.7714,8061.057817
28/06/2018,6153.16,6170.41,5873.05,5903.44,3467800000.00,105336000000.00,5903.44,0.7701,7665.809635
27/06/2018,6084.40,6180.00,6052.85,6157.13,3296220000.00,104149000000.00,6157.13,0.7758,7936.491364
26/06/2018,6253.55,6290.16,6093.67,6093.67,3279760000.00,107033000000.00,6093.67,0.7771,7841.551924
25/06/2018,6171.97,6327.37,6119.68,6249.18,5500810000.00,105625000000.00,6249.18,0.779,8022.053915
24/06/2018,6164.28,6223.78,5826.41,6173.23,4566910000.00,105480000000.00,6173.23,0.7746,7969.571392
23/06/2018,6090.10,6224.82,6071.81,6162.48,3431360000.00,104198000000.00,6162.48,0.7746,7955.693261
22/06/2018,6737.88,6747.08,6006.60,6083.69,5079810000.00,115269000000.00,6083.69,0.7746,7853.976246
21/06/2018,6780.09,6810.94,6715.17,6729.74,3529130000.00,115977000000.00,6729.74,0.7725,8711.63754
20/06/2018,6770.76,6821.56,6611.88,6776.55,3888640000.00,115804000000.00,6776.55,0.7742,8752.970809
19/06/2018,6742.39,6822.50,6709.92,6769.94,4057030000.00,115306000000.00,6769.94,0.7782,8699.485993
18/06/2018,6510.07,6781.14,6446.68,6734.82,4039200000.00,111319000000.00,6734.82,0.7821,8611.200614
17/06/2018,6545.53,6589.11,6499.27,6499.27,3104020000.00,111913000000.00,6499.27,0.7838,8292.00051
16/06/2018,6455.45,6592.49,6402.29,6550.16,3194170000.00,110359000000.00,6550.16,0.7838,8356.927788
15/06/2018,6674.08,6681.08,6433.87,6456.58,3955390000.00,114084000000.00,6456.58,0.7838,8237.535085
14/06/2018,6342.75,6707.14,6334.46,6675.35,5138710000.00,108408000000.00,6675.35,0.7937,8410.419554
13/06/2018,6596.88,6631.66,6285.63,6349.90,5052350000.00,112740000000.00,6349.9,0.7934,8003.403075
12/06/2018,6905.82,6907.96,6542.08,6582.36,4654380000.00,118007000000.00,6582.36,0.7968,8260.993976
11/06/2018,6799.29,6910.18,6706.63,6906.92,4745270000.00,116175000000.00,6906.92,0.7952,8685.764588
10/06/2018,7499.55,7499.55,6709.07,6786.02,5804840000.00,128128000000.00,6786.02,0.7984,8499.524048
9/06/2018,7632.52,7683.58,7531.98,7531.98,3845220000.00,130386000000.00,7531.98,0.7984,9433.842685
8/06/2018,7685.14,7698.19,7558.40,7624.92,4227580000.00,131271000000.00,7624.92,0.7984,9550.250501
7/06/2018,7650.82,7741.27,7650.82,7678.24,4485800000.00,130671000000.00,7678.24,0.8025,9567.900312
6/06/2018,7625.97,7680.43,7502.01,7653.98,4692260000.00,130233000000.00,7653.98,0.7974,9598.67068
5/06/2018,7500.90,7643.23,7397.00,7633.76,4961740000.00,128081000000.00,7633.76,0.801,9530.287141
4/06/2018,7722.53,7753.82,7474.04,7514.47,4993170000.00,131847000000.00,7514.47,0.7926,9480.784759
3/06/2018,7632.09,7754.89,7613.04,7720.25,4851760000.00,130288000000.00,7720.25,0.7925,9741.640379
2/06/2018,7536.72,7695.83,7497.26,7643.45,4939300000.00,128645000000.00,7643.45,0.7925,9644.731861
1/06/2018,7500.70,7604.73,7407.34,7541.45,4921460000.00,128014000000.00,7541.45,0.7925,9516.025237
31/05/2018,7406.15,7608.90,7361.13,7494.17,5127130000.00,126386000000.00,7494.17,0.7935,9444.448645
30/05/2018,7469.73,7573.77,7313.60,7406.52,4922540000.00,127454000000.00,7406.52,0.7862,9420.656322
29/05/2018,7129.46,7526.42,7090.68,7472.59,5662660000.00,121636000000.00,7472.59,0.7906,9451.796104
28/05/2018,7371.31,7419.05,7100.89,7135.99,5040600000.00,125748000000.00,7135.99,0.7922,9007.813683
27/05/2018,7362.08,7381.74,7270.96,7368.22,4056520000.00,125575000000.00,7368.22,0.7934,9286.891858
26/05/2018,7486.48,7595.16,7349.12,7355.88,4051540000.00,127682000000.00,7355.88,0.7934,9271.338543
25/05/2018,7592.30,7659.14,7392.65,7480.14,4867830000.00,129470000000.00,7480.14,0.7934,9427.955634
24/05/2018,7561.12,7738.60,7331.14,7587.34,6049220000.00,128925000000.00,7587.34,0.7919,9581.184493
23/05/2018,8037.08,8054.66,7507.88,7557.82,6491120000.00,137024000000.00,7557.82,0.7935,9524.662886
22/05/2018,8419.87,8423.25,8004.58,8041.78,5137010000.00,143534000000.00,8041.78,0.7941,10126.91097
21/05/2018,8522.33,8557.52,8365.12,8418.99,5154990000.00,145264000000.00,8418.99,0.7884,10678.57686
20/05/2018,8246.99,8562.41,8205.24,8513.25,5191060000.00,140556000000.00,8513.25,0.7871,10815.97002
19/05/2018,8255.73,8372.06,8183.35,8247.18,4712400000.00,140689000000.00,8247.18,0.7871,10477.93165
18/05/2018,8091.83,8274.12,7974.82,8250.97,5764190000.00,137881000000.00,8250.97,0.7871,10482.74679
17/05/2018,8370.05,8445.54,8054.12,8094.32,5862530000.00,142608000000.00,8094.32,0.7873,10281.11266
16/05/2018,8504.41,8508.43,8175.49,8368.83,6760220000.00,144878000000.00,8368.83,0.7832,10685.43156
15/05/2018,8705.19,8836.19,8456.45,8510.38,6705710000.00,148283000000.00,8510.38,0.7887,10790.38925
14/05/2018,8713.10,8881.12,8367.97,8716.79,7364150000.00,148403000000.00,8716.79,0.7886,11053.49987
13/05/2018,8515.49,8773.55,8395.12,8723.94,5866380000.00,145022000000.00,8723.94,0.7892,11054.15611
12/05/2018,8441.44,8664.86,8223.50,8504.89,6821380000.00,143743000000.00,8504.89,0.7892,10776.59655
11/05/2018,9052.96,9052.96,8394.46,8441.49,8488520000.00,154142000000.00,8441.49,0.7892,10696.26204
10/05/2018,9325.96,9396.04,9040.52,9043.94,6906700000.00,158772000000.00,9043.94,0.782,11565.14066
9/05/2018,9223.73,9374.76,9031.62,9325.18,7226890000.00,157013000000.00,9325.18,0.7816,11930.88536
8/05/2018,9380.87,9462.75,9127.77,9234.82,7415870000.00,159672000000.00,9234.82,0.788,11719.31472
7/05/2018,9645.67,9665.85,9231.53,9373.01,7394020000.00,164161000000.00,9373.01,0.7889,11881.11294
6/05/2018,9845.31,9940.14,9465.25,9654.80,7222280000.00,167541000000.00,9654.8,0.7889,12238.3065
5/05/2018,9700.28,9964.50,9695.12,9858.15,7651940000.00,165055000000.00,9858.15,0.7889,12496.07048
4/05/2018,9695.50,9779.20,9585.96,9700.76,8217830000.00,164956000000.00,9700.76,0.7889,12296.56484
3/05/2018,9233.97,9798.33,9188.15,9743.86,10207300000.00,157087000000.00,9743.86,0.7851,12410.97949
2/05/2018,9104.60,9256.52,9015.14,9235.92,7558160000.00,154869000000.00,9235.92,0.7848,11768.50153
1/05/2018,9251.47,9255.88,8891.05,9119.01,7713020000.00,157350000000.00,9119.01,0.7891,11556.21594
30/04/2018,9426.11,9477.14,9166.81,9240.55,8673920000.00,160302000000.00,9240.55,0.7935,11645.30561
29/04/2018,9346.41,9531.49,9193.71,9419.08,8853000000.00,158928000000.00,9419.08,0.7913,11903.29837
28/04/2018,8939.27,9412.09,8931.99,9348.48,7805480000.00,151991000000.00,9348.48,0.7913,11814.0781
27/04/2018,9290.63,9375.47,8987.05,8987.05,7566290000.00,157948000000.00,8987.05,0.7913,11357.32339
26/04/2018,8867.32,9281.51,8727.09,9281.51,8970560000.00,150736000000.00,9281.51,0.7922,11716.11967
25/04/2018,9701.03,9745.32,8799.84,8845.74,11083100000.00,164893000000.00,8845.74,0.7963,11108.55205
24/04/2018,8934.34,9732.61,8927.83,9697.50,10678800000.00,151844000000.00,9697.5,0.7963,12178.19917
23/04/2018,8794.39,8958.55,8788.81,8930.88,6925190000.00,149448000000.00,8930.88,0.8045,11101.156
22/04/2018,8925.06,9001.64,8779.61,8802.46,6629900000.00,151651000000.00,8802.46,0.8092,10877.97825
21/04/2018,8848.79,8997.57,8652.15,8895.58,7548550000.00,150337000000.00,8895.58,0.8092,10993.05487
20/04/2018,8286.88,8880.23,8244.54,8845.83,8438110000.00,140777000000.00,8845.83,0.8092,10931.57439
19/04/2018,8159.27,8298.69,8138.78,8294.31,7063210000.00,138591000000.00,8294.31,0.8144,10184.56532
18/04/2018,7944.43,8197.80,7886.01,8163.42,6529910000.00,134926000000.00,8163.42,0.813,10041.10701
17/04/2018,8071.66,8285.96,7881.72,7902.09,6900880000.00,137070000000.00,7902.09,0.8143,9704.150804
16/04/2018,8337.57,8371.15,7925.73,8058.67,5631310000.00,141571000000.00,8058.67,0.8128,9914.702264
15/04/2018,7999.33,8338.42,7999.33,8329.11,5244480000.00,135812000000.00,8329.11,0.8116,10262.58009
14/04/2018,7874.67,8140.71,7846.00,7986.24,5191430000.00,133682000000.00,7986.24,0.8116,9840.118285
13/04/2018,7901.09,8183.96,7758.93,7895.96,7764460000.00,134114000000.00,7895.96,0.8116,9728.881222
12/04/2018,6955.38,7899.23,6806.51,7889.25,8906250000.00,118048000000.00,7889.25,0.8116,9720.613603
11/04/2018,6843.47,6968.32,6817.59,6968.32,4641890000.00,116126000000.00,6968.32,0.8121,8580.61815
10/04/2018,6795.44,6872.41,6704.15,6834.76,4272750000.00,115306000000.00,6834.76,0.8061,8478.799156
9/04/2018,7044.32,7178.11,6661.99,6770.73,4894060000.00,119516000000.00,6770.73,0.8039,8422.353527
8/04/2018,6919.98,7111.56,6919.98,7023.52,3652500000.00,117392000000.00,7023.52,0.8046,8729.207059
7/04/2018,6630.51,7050.54,6630.51,6911.09,3976610000.00,112467000000.00,6911.09,0.8046,8589.47303
6/04/2018,6815.96,6857.49,6575.00,6636.32,3766810000.00,115601000000.00,6636.32,0.8046,8247.974149
5/04/2018,6848.65,6933.82,6644.80,6811.47,5639320000.00,116142000000.00,6811.47,0.8076,8434.212481
4/04/2018,7456.41,7469.88,6803.88,6853.84,4936000000.00,126434000000.00,6853.84,0.8045,8519.378496
3/04/2018,7102.26,7530.94,7072.49,7456.11,5499700000.00,120415000000.00,7456.11,0.8024,9292.260718
2/04/2018,6844.86,7135.47,6816.58,7083.80,4333440000.00,116037000000.00,7083.8,0.8024,8828.265204
1/04/2018,7003.06,7060.95,6526.87,6844.23,4532100000.00,118705000000.00,6844.23,0.8024,8529.698405
31/03/2018,6892.48,7207.85,6863.52,6973.53,4553270000.00,116820000000.00,6973.53,0.8017,8698.42834
30/03/2018,7171.45,7276.66,6683.93,6890.52,6289510000.00,121534000000.00,6890.52,0.8017,8594.885868
29/03/2018,7979.07,7994.33,7081.38,7165.70,6361230000.00,135205000000.00,7165.7,0.8017,8938.131471
28/03/2018,7836.83,8122.89,7809.17,7954.48,4935290000.00,132781000000.00,7954.48,0.8034,9901.020662
27/03/2018,8200.00,8232.78,7797.28,7833.04,5378250000.00,138919000000.00,7833.04,0.8102,9668.032585
26/03/2018,8498.47,8530.08,7921.43,8209.40,5921040000.00,143960000000.00,8209.4,0.8069,10173.99926
25/03/2018,8612.81,8682.01,8449.10,8495.78,4569880000.00,145882000000.00,8495.78,0.8064,10535.44147
24/03/2018,8901.95,8996.18,8665.70,8668.12,5664600000.00,150762000000.00,8668.12,0.8064,10749.15675
23/03/2018,8736.25,8879.62,8360.62,8879.62,5954120000.00,147941000000.00,8879.62,0.8064,11011.43353
22/03/2018,8939.44,9100.71,8564.90,8728.47,5530390000.00,151366000000.00,8728.47,0.8126,10741.41029
21/03/2018,8937.48,9177.37,8846.33,8929.28,6043130000.00,151316000000.00,8929.28,0.8039,11107.45118
20/03/2018,8619.67,9051.02,8389.89,8913.47,6361790000.00,145922000000.00,8913.47,0.8075,11038.35294
19/03/2018,8344.12,8675.87,8182.40,8630.65,6729110000.00,141240000000.00,8630.65,0.8069,10696.05899
18/03/2018,7890.52,8245.51,7397.99,8223.68,6639190000.00,133547000000.00,8223.68,0.8157,10081.74574
17/03/2018,8321.91,8346.53,7812.82,7916.88,4426150000.00,140834000000.00,7916.88,0.8157,9705.627069
16/03/2018,8322.91,8585.15,8005.31,8338.35,5289380000.00,140834000000.00,8338.35,0.8157,10222.32438
15/03/2018,8290.76,8428.35,7783.05,8300.86,6834430000.00,140275000000.00,8300.86,0.8238,10076.30493
14/03/2018,9214.65,9355.85,8068.59,8269.81,6438230000.00,155891000000.00,8269.81,0.8209,10074.07723
13/03/2018,9173.04,9470.38,8958.19,9194.85,5991140000.00,155168000000.00,9194.85,0.8236,11164.21807
12/03/2018,9602.93,9937.50,8956.43,9205.12,6457400000.00,162421000000.00,9205.12,0.8207,11216.18131
11/03/2018,8852.78,9711.89,8607.12,9578.63,6296370000.00,149716000000.00,9578.63,0.8145,11760.13505
10/03/2018,9350.59,9531.32,8828.47,8866.00,5386320000.00,158119000000.00,8866,0.8145,10885.20565
9/03/2018,9414.69,9466.35,8513.03,9337.55,8704190000.00,159185000000.00,9337.55,0.8145,11464.14979
8/03/2018,9951.44,10147.40,9335.87,9395.01,7186090000.00,168241000000.00,9395.01,0.8173,11495.17925
7/03/2018,10803.90,10929.50,9692.12,9965.57,8797910000.00,182631000000.00,9965.57,0.8177,12187.31809
6/03/2018,11500.10,11500.10,10694.30,10779.90,6832170000.00,194378000000.00,10779.9,0.8118,13279.00961
5/03/2018,11532.40,11704.10,11443.90,11573.30,6468540000.00,194903000000.00,11573.3,0.8102,14284.49765
4/03/2018,11497.40,11512.60,11136.10,11512.60,6084150000.00,194289000000.00,11512.6,0.8117,14183.31896
3/03/2018,11101.90,11528.20,11002.40,11489.70,6690570000.00,187581000000.00,11489.7,0.8117,14155.10657
2/03/2018,10977.40,11189.00,10850.10,11086.40,7620590000.00,185456000000.00,11086.4,0.8117,13658.24812
1/03/2018,10385.00,11052.30,10352.70,10951.00,7317280000.00,175427000000.00,10951,0.8136,13459.93117
28/02/2018,10687.20,11089.80,10393.10,10397.90,6936190000.00,180510000000.00,10397.9,0.8152,12755.02944
27/02/2018,10393.90,10878.50,10246.10,10725.60,6966180000.00,175536000000.00,10725.6,0.8208,13067.25146
26/02/2018,9669.43,10475.00,9501.73,10366.70,7287690000.00,163283000000.00,10366.7,0.8177,12677.87697
25/02/2018,9796.42,9923.22,9407.06,9664.73,5706940000.00,165407000000.00,9664.73,0.8202,11783.3821
24/02/2018,10287.70,10597.20,9546.97,9813.07,6917930000.00,173682000000.00,9813.07,0.8202,11964.24043
23/02/2018,9937.07,10487.30,9734.56,10301.10,7739500000.00,167746000000.00,10301.1,0.8202,12559.25384
22/02/2018,10660.40,11039.10,9939.09,10005.00,8040080000.00,179936000000.00,10005,0.8177,12235.53871
21/02/2018,11372.20,11418.50,10479.10,10690.40,9405340000.00,191927000000.00,10690.4,0.8235,12981.66363
20/02/2018,11231.80,11958.50,11231.80,11403.70,9926540000.00,189536000000.00,11403.7,0.827,13789.23821
19/02/2018,10552.60,11273.80,10513.20,11225.30,7652090000.00,178055000000.00,11225.3,0.826,13589.95157
18/02/2018,11123.40,11349.80,10326.00,10551.80,8744010000.00,187663000000.00,10551.8,0.8291,12726.81221
17/02/2018,10207.50,11139.50,10149.40,11112.70,8660880000.00,172191000000.00,11112.7,0.8291,13403.32891
16/02/2018,10135.70,10324.10,9824.82,10233.90,7296160000.00,170960000000.00,10233.9,0.8291,12343.38439
15/02/2018,9488.32,10234.80,9395.58,10166.40,9062540000.00,160025000000.00,10166.4,0.8269,12294.59427
14/02/2018,8599.92,9518.54,8599.92,9494.63,7909820000.00,145023000000.00,9494.63,0.8214,11559.08206
13/02/2018,8926.72,8958.47,8455.41,8598.31,5696720000.00,150516000000.00,8598.31,0.8199,10487.02281
12/02/2018,8141.43,8985.92,8141.43,8926.57,6256440000.00,137258000000.00,8926.57,0.8143,10962.26207
11/02/2018,8616.13,8616.13,7931.10,8129.97,6122190000.00,145245000000.00,8129.97,0.8156,9968.084846
10/02/2018,8720.08,9122.55,8295.47,8621.90,7780960000.00,146981000000.00,8621.9,0.8156,10571.2359
9/02/2018,8271.84,8736.98,7884.71,8736.98,6784820000.00,139412000000.00,8736.98,0.8156,10712.33448
8/02/2018,7637.86,8558.77,7637.86,8265.59,9346750000.00,128714000000.00,8265.59,0.8183,10100.92875
7/02/2018,7755.49,8509.11,7236.79,7621.30,9169280000.00,130683000000.00,7621.3,0.8243,9245.784302
6/02/2018,7051.75,7850.70,6048.26,7754.00,13999800000.00,118810000000.00,7754,0.8257,9390.81991
5/02/2018,8270.54,8364.84,6756.68,6955.27,9285290000.00,139325000000.00,6955.27,0.828,8400.084541
4/02/2018,9175.70,9334.87,8031.22,8277.01,7073550000.00,154553000000.00,8277.01,0.8392,9862.976644
3/02/2018,8852.12,9430.75,8251.63,9174.91,7263790000.00,149085000000.00,9174.91,0.8392,10932.92421
2/02/2018,9142.28,9142.28,7796.49,8830.75,12726900000.00,153953000000.00,8830.75,0.8392,10522.81935
1/02/2018,10237.30,10288.80,8812.28,9170.54,9959400000.00,172372000000.00,9170.54,0.8405,10910.81499
31/01/2018,10108.20,10381.60,9777.42,10221.10,8041160000.00,170183000000.00,10221.1,0.8442,12107.439
30/01/2018,11306.80,11307.20,10036.20,10106.30,8637860000.00,190339000000.00,10106.3,0.8477,11922.0243
29/01/2018,11755.50,11875.60,11179.20,11296.40,7107360000.00,197871000000.00,11296.4,0.8464,13346.40832
28/01/2018,11475.30,12040.30,11475.30,11786.30,8350360000.00,193133000000.00,11786.3,0.8437,13969.77599
27/01/2018,11174.90,11614.90,10989.20,11440.70,7583270000.00,188054000000.00,11440.7,0.8437,13560.15171
26/01/2018,11256.00,11656.70,10470.30,11171.40,9746200000.00,189398000000.00,11171.4,0.8437,13240.96243
25/01/2018,11421.70,11785.70,11057.40,11259.40,8873170000.00,192163000000.00,11259.4,0.8437,13345.2649
24/01/2018,10903.40,11501.40,10639.80,11359.40,9940990000.00,183419000000.00,11359.4,0.8356,13594.30349
23/01/2018,10944.50,11377.60,10129.70,10868.40,9660610000.00,184087000000.00,10868.4,0.837,12984.94624
22/01/2018,11633.10,11966.40,10240.20,10931.40,10537400000.00,195645000000.00,10931.4,0.8354,13085.22863
21/01/2018,12889.20,12895.90,11288.20,11600.10,9935180000.00,216740000000.00,11600.1,0.8358,13879.03805
20/01/2018,11656.20,13103.00,11656.20,12899.20,11801700000.00,195979000000.00,12899.2,0.8358,15433.35726
19/01/2018,11429.80,11992.80,11172.10,11607.40,10740400000.00,192150000000.00,11607.4,0.8358,13887.77219
18/01/2018,11198.80,12107.30,10942.50,11474.90,15020400000.00,188242000000.00,11474.9,0.8367,13714.47353
17/01/2018,11431.10,11678.00,9402.29,11188.60,18830600000.00,192123000000.00,11188.6,0.8319,13449.45306
16/01/2018,13836.10,13843.10,10194.90,11490.50,18853800000.00,232517000000.00,11490.5,0.8335,13785.84283
15/01/2018,13767.30,14445.50,13641.70,13819.80,12750800000.00,231334000000.00,13819.8,0.8271,16708.74139
14/01/2018,14370.80,14511.80,13268.00,13772.00,11084100000.00,241447000000.00,13772,0.8251,16691.31014
13/01/2018,13952.40,14659.50,13952.40,14360.20,12763600000.00,234391000000.00,14360.2,0.8251,17404.19343
12/01/2018,13453.90,14229.90,13158.10,13980.60,12065700000.00,225986000000.00,13980.6,0.8251,16944.12798
11/01/2018,14968.20,15018.80,13105.90,13405.80,16534100000.00,251387000000.00,13405.8,0.8196,16356.51537
10/01/2018,14588.50,14973.30,13691.20,14973.30,18500800000.00,244981000000.00,14973.3,0.8182,18300.29333
9/01/2018,15123.70,15497.50,14424.00,14595.40,16660000000.00,253935000000.00,14595.4,0.8199,17801.4392
8/01/2018,16476.20,16537.90,14208.20,15170.10,18413900000.00,276612000000.00,15170.1,0.8224,18446.13327
7/01/2018,17527.30,17579.60,16087.70,16477.60,15866000000.00,294222000000.00,16477.6,0.8223,20038.4288
6/01/2018,17462.10,17712.40,16764.60,17527.00,18314600000.00,293091000000.00,17527,0.8223,21314.60538
5/01/2018,15477.20,17705.20,15202.80,17429.50,23840900000.00,259748000000.00,17429.5,0.8223,21196.03551
4/01/2018,15270.70,15739.70,14522.20,15599.20,21783200000.00,256250000000.00,15599.2,0.8198,19028.05562
3/01/2018,14978.20,15572.80,14844.50,15201.00,16871900000.00,251312000000.00,15201,0.8189,18562.70607
2/01/2018,13625.00,15444.60,13163.60,14982.10,16846600000.00,228579000000.00,14982.1,0.8181,18313.28688
1/01/2018,14112.20,14112.20,13154.70,13657.20,10291200000.00,236725000000.00,13657.2,0.8181,16693.80271
31/12/2017,12897.70,14377.40,12755.60,14156.40,12136300000.00,216326000000.00,14156.4,0.8155,17359.16616
30/12/2017,14681.90,14681.90,12350.10,12952.20,14452600000.00,246224000000.00,12952.2,0.8155,15882.52606
29/12/2017,14695.80,15279.00,14307.00,14656.20,13025500000.00,246428000000.00,14656.2,0.8155,17972.04169
28/12/2017,15864.10,15888.40,13937.30,14606.50,12336500000.00,265988000000.00,14606.5,0.8133,17959.54752
27/12/2017,16163.50,16930.90,15114.30,15838.50,12487600000.00,270976000000.00,15838.5,0.8086,19587.55874
26/12/2017,14036.60,16461.20,14028.90,16099.80,13454300000.00,235294000000.00,16099.8,0.8062,19969.98263
25/12/2017,13995.90,14593.00,13448.90,14026.60,10664700000.00,234590000000.00,14026.6,0.8062,17398.4123
24/12/2017,14608.20,14626.00,12747.70,13925.80,11572300000.00,244824000000.00,13925.8,0.8062,17273.38129
23/12/2017,13948.70,15603.20,13828.80,14699.20,13086000000.00,233748000000.00,14699.2,0.8062,18232.6966
22/12/2017,15898.00,15943.40,11833.00,13831.80,22198000000.00,266381000000.00,13831.8,0.8062,17156.78492
21/12/2017,16642.40,17567.70,15342.70,15802.90,16516600000.00,278827000000.00,15802.9,0.8024,19694.54138
20/12/2017,17760.30,17934.70,16077.70,16624.60,22149700000.00,297526000000.00,16624.6,0.8021,20726.34335
19/12/2017,19118.30,19177.80,17275.40,17776.70,16894500000.00,320242000000.00,17776.7,0.8024,22154.41176
18/12/2017,19106.40,19371.00,18355.90,19114.20,14839500000.00,320000000000.00,19114.2,0.8015,23848.03493
17/12/2017,19475.80,20089.00,18974.10,19140.80,13314600000.00,326141000000.00,19140.8,0.8032,23830.67729
16/12/2017,17760.30,19716.70,17515.30,19497.40,12740600000.00,297376000000.00,19497.4,0.8032,24274.65139
15/12/2017,16601.30,18154.10,16601.30,17706.90,14310000000.00,277936000000.00,17706.9,0.8032,22045.44323
14/12/2017,16384.60,17085.80,16185.90,16564.00,13777400000.00,274269000000.00,16564,0.7994,20720.54041
13/12/2017,17500.00,17653.10,16039.70,16408.20,12976900000.00,292900000000.00,16408.2,0.7916,20727.89288
12/12/2017,16919.80,17781.80,16571.60,17415.40,14603800000.00,283155000000.00,17415.4,0.7889,22075.54823
11/12/2017,15427.40,17513.90,15404.80,16936.80,12153900000.00,258147000000.00,16936.8,0.787,21520.71156
10/12/2017,15168.40,15850.60,13226.60,15455.40,13433300000.00,253782000000.00,15455.4,0.7863,19655.85654
9/12/2017,16523.30,16783.00,13674.90,15178.20,13911300000.00,276415000000.00,15178.2,0.7863,19303.31934
8/12/2017,17802.90,18353.40,14336.90,16569.40,21136000000.00,297787000000.00,16569.4,0.7863,21072.61859
7/12/2017,14266.10,17899.70,14057.30,17899.70,17950700000.00,238600000000.00,17899.7,0.7918,22606.33998
6/12/2017,11923.40,14369.10,11923.40,14291.50,12656300000.00,199390000000.00,14291.5,0.7963,17947.38164
5/12/2017,11685.70,12032.00,11604.60,11916.70,6895260000.00,195389000000.00,11916.7,0.7952,14985.78974
4/12/2017,11315.40,11657.20,11081.80,11657.20,6132410000.00,189172000000.00,11657.2,0.7961,14642.88406
3/12/2017,11082.70,11858.70,10862.00,11323.20,6608310000.00,185258000000.00,11323.2,0.7923,14291.55623
2/12/2017,10978.30,11320.20,10905.10,11074.60,5138500000.00,183490000000.00,11074.6,0.7923,13977.78619
1/12/2017,10198.60,11046.70,9694.65,10975.60,6783120000.00,170436000000.00,10975.6,0.7923,13852.83352
30/11/2017,9906.79,10801.00,9202.05,10233.60,8310690000.00,165537000000.00,10233.6,0.7934,12898.4119
29/11/2017,10077.40,11517.40,9601.03,9888.61,11568800000.00,168367000000.00,9888.61,0.7955,12430.6851
28/11/2017,9823.43,10125.70,9736.30,10058.80,6348820000.00,164104000000.00,10058.8,0.7965,12628.75078
27/11/2017,9352.72,9818.35,9352.72,9818.35,5653320000.00,156221000000.00,9818.35,0.7983,12299.07303
26/11/2017,8789.04,9522.93,8775.59,9330.55,5475580000.00,146789000000.00,9330.55,0.7981,11690.95351
25/11/2017,8241.71,8790.92,8191.15,8790.92,4342060000.00,137632000000.00,8790.92,0.7981,11014.81017
24/11/2017,8074.02,8374.16,7940.93,8253.69,5058610000.00,134816000000.00,8253.69,0.7981,10341.67398
23/11/2017,8232.38,8267.40,8038.77,8038.77,4225180000.00,137444000000.00,8038.77,0.7972,10083.75564
22/11/2017,8077.95,8302.26,8075.47,8253.55,3633530000.00,134851000000.00,8253.55,0.794,10394.89924
21/11/2017,8205.74,8348.66,7762.71,8071.26,4277610000.00,136967000000.00,8071.26,0.7903,10212.90649
20/11/2017,8039.07,8336.86,7949.36,8200.64,3488450000.00,134167000000.00,8200.64,0.7924,10349.11661
19/11/2017,7766.03,8101.91,7694.10,8036.49,3149320000.00,129595000000.00,8036.49,0.7945,10115.15419
18/11/2017,7697.21,7884.99,7463.44,7790.15,3667190000.00,128425000000.00,7790.15,0.7945,9805.097546
17/11/2017,7853.57,8004.59,7561.09,7708.99,4651670000.00,131026000000.00,7708.99,0.7945,9702.945249
16/11/2017,7323.24,7967.38,7176.58,7871.69,5123810000.00,122164000000.00,7871.69,0.7941,9912.718801
15/11/2017,6634.76,7342.25,6634.76,7315.54,4200880000.00,110667000000.00,7315.54,0.7992,9153.578579
14/11/2017,6561.48,6764.98,6461.75,6635.75,3197110000.00,109434000000.00,6635.75,0.7983,8312.351246
13/11/2017,5938.25,6811.19,5844.29,6559.49,6263250000.00,99029000000.00,6559.49,0.8014,8185.038682
12/11/2017,6295.45,6625.05,5519.01,5950.07,8957350000.00,104980000000.00,5950.07,0.804,7400.584577
11/11/2017,6618.61,6873.15,6204.22,6357.60,4908680000.00,110362000000.00,6357.6,0.804,7907.462687
10/11/2017,7173.73,7312.00,6436.87,6618.14,5208250000.00,119607000000.00,6618.14,0.804,8231.517413
9/11/2017,7446.83,7446.83,7101.52,7143.58,3226250000.00,124146000000.00,7143.58,0.8036,8889.472374
8/11/2017,7141.38,7776.42,7114.02,7459.69,4602200000.00,119041000000.00,7459.69,0.8001,9323.447069
7/11/2017,7023.10,7253.32,7023.10,7144.38,2326340000.00,117056000000.00,7144.38,0.8047,8878.3149
6/11/2017,7403.22,7445.77,7007.31,7022.76,3111900000.00,123379000000.00,7022.76,0.8016,8760.928144
5/11/2017,7404.52,7617.48,7333.19,7407.41,2380410000.00,123388000000.00,7407.41,0.8078,9169.8564
4/11/2017,7164.48,7492.86,7031.28,7379.95,2483800000.00,119376000000.00,7379.95,0.8078,9135.862837
3/11/2017,7087.53,7461.29,7002.94,7207.76,3369860000.00,118084000000.00,7207.76,0.8078,8922.70364
2/11/2017,6777.77,7367.33,6758.72,7078.50,4653770000.00,112910000000.00,7078.5,0.8031,8813.970863
1/11/2017,6440.97,6767.31,6377.88,6767.31,2870320000.00,107287000000.00,6767.31,0.8012,8446.467798
31/10/2017,6132.02,6470.43,6103.33,6468.40,2311380000.00,102130000000.00,6468.4,0.805,8035.279503
30/10/2017,6114.85,6214.99,6040.85,6130.53,1772150000.00,101833000000.00,6130.53,0.802,7644.052369
29/10/2017,5754.44,6255.71,5724.58,6153.85,2859040000.00,95819800000.00,6153.85,0.8013,7679.832772
28/10/2017,5787.82,5876.72,5689.19,5753.09,1403920000.00,96369600000.00,5753.09,0.8013,7179.695495
27/10/2017,5899.74,5988.39,5728.82,5780.90,1710130000.00,98225400000.00,5780.9,0.8013,7214.401597
26/10/2017,5747.95,5976.80,5721.22,5904.83,1905040000.00,95685100000.00,5904.83,0.8056,7329.729394
25/10/2017,5524.60,5754.33,5397.88,5750.80,1966990000.00,91954200000.00,5750.8,0.8137,7067.469583
24/10/2017,5935.52,5935.52,5504.18,5526.64,2735700000.00,98781600000.00,5526.64,0.8164,6769.524743
23/10/2017,6006.00,6075.59,5732.47,5930.32,2401840000.00,99941600000.00,5930.32,0.8183,7247.122082
22/10/2017,6036.66,6076.26,5792.34,6008.42,2034630000.00,100438000000.00,6008.42,0.823,7300.631835
21/10/2017,5996.79,6194.88,5965.07,6031.60,2207100000.00,99763200000.00,6031.6,0.823,7328.797084
20/10/2017,5708.11,6060.11,5627.23,6011.45,2354430000.00,94947900000.00,6011.45,0.823,7304.313487
19/10/2017,5583.74,5744.35,5531.06,5708.52,1780540000.00,92867000000.00,5708.52,0.8204,6958.215505
18/10/2017,5603.82,5603.82,5151.44,5590.69,2399270000.00,93190200000.00,5590.69,0.8202,6816.252134
17/10/2017,5741.58,5800.35,5472.72,5605.51,1821570000.00,95469300000.00,5605.51,0.8206,6830.98952
16/10/2017,5687.57,5776.23,5544.21,5725.59,2008070000.00,94559000000.00,5725.59,0.8245,6944.317768
15/10/2017,5835.96,5852.48,5478.61,5678.19,1976040000.00,97011900000.00,5678.19,0.818,6941.552567
14/10/2017,5643.53,5837.70,5591.64,5831.79,1669030000.00,93803000000.00,5831.79,0.818,7129.327628
13/10/2017,5464.16,5840.30,5436.85,5647.21,3615480000.00,90812400000.00,5647.21,0.818,6903.679707
12/10/2017,4829.58,5446.91,4822.00,5446.91,2791610000.00,80256700000.00,5446.91,0.8151,6682.505214
11/10/2017,4789.25,4873.73,4751.63,4826.48,1222280000.00,79578200000.00,4826.48,0.8139,5930.065119
10/10/2017,4776.21,4922.17,4765.10,4781.99,1597140000.00,79351800000.00,4781.99,0.8115,5892.778805
9/10/2017,4614.52,4878.71,4564.25,4772.02,1968740000.00,76656500000.00,4772.02,0.8135,5866.035648
8/10/2017,4429.67,4624.14,4405.64,4610.48,1313870000.00,73575400000.00,4610.48,0.8147,5659.113784
7/10/2017,4369.35,4443.88,4321.05,4426.89,906928000.00,72565100000.00,4426.89,0.8147,5433.767031
6/10/2017,4324.46,4413.27,4320.53,4370.81,1069940000.00,71810600000.00,4370.81,0.8147,5364.931877
5/10/2017,4229.88,4362.64,4164.05,4328.41,1161770000.00,70233700000.00,4328.41,0.8218,5266.987101
4/10/2017,4319.37,4352.31,4210.42,4229.36,1116770000.00,71712500000.00,4229.36,0.8193,5162.162822
3/10/2017,4408.46,4432.47,4258.89,4317.48,1288020000.00,73181300000.00,4317.48,0.8184,5275.513196
2/10/2017,4395.81,4470.23,4377.46,4409.32,1431730000.00,72963200000.00,4409.32,0.8206,5373.287838
1/10/2017,4341.05,4403.74,4269.81,4403.74,1208210000.00,72047300000.00,4403.74,0.8206,5366.487936
30/09/2017,4166.11,4358.43,4160.86,4338.71,1207450000.00,69136600000.00,4338.71,0.8216,5280.805745
29/09/2017,4171.62,4214.63,4039.29,4163.07,1367050000.00,69219200000.00,4163.07,0.8216,5067.027751
28/09/2017,4197.13,4279.31,4109.70,4174.73,1712320000.00,69633200000.00,4174.73,0.8209,5085.552442
27/09/2017,3892.94,4210.05,3884.82,4200.67,1686880000.00,64579200000.00,4200.67,0.8247,5093.573421
26/09/2017,3928.41,3969.89,3869.90,3892.35,1043740000.00,65161000000.00,3892.35,0.8297,4691.273954
25/09/2017,3681.58,3950.25,3681.58,3926.07,1374210000.00,61061100000.00,3926.07,0.8313,4722.807651
24/09/2017,3796.15,3796.15,3666.90,3682.84,768015000.00,62954300000.00,3682.84,0.8302,4436.08769
23/09/2017,3629.92,3819.21,3594.58,3792.40,928114000.00,60190000000.00,3792.4,0.8302,4568.05589
22/09/2017,3628.02,3758.27,3553.53,3630.70,1194830000.00,60152300000.00,3630.7,0.8302,4373.283546
21/09/2017,3901.47,3916.42,3613.63,3631.04,1411480000.00,64677600000.00,3631.04,0.8388,4328.850739
20/09/2017,3916.36,4031.39,3857.73,3905.95,1213830000.00,64918500000.00,3905.95,0.8372,4665.492117
19/09/2017,4073.79,4094.07,3868.87,3924.97,1563980000.00,67520300000.00,3924.97,0.8337,4707.892527
18/09/2017,3591.09,4079.23,3591.09,4065.20,1943210000.00,59514100000.00,4065.2,0.8371,4856.289571
17/09/2017,3606.28,3664.81,3445.64,3582.88,1239150000.00,59757800000.00,3582.88,0.8371,4280.109903
16/09/2017,3637.75,3808.84,3487.79,3625.04,1818400000.00,60271600000.00,3625.04,0.8371,4330.474256
15/09/2017,3166.30,3733.45,2946.62,3637.52,4148070000.00,52453500000.00,3637.52,0.8371,4345.382869
14/09/2017,3875.37,3920.60,3153.86,3154.95,2716310000.00,64191600000.00,3154.95,0.8345,3780.647094
13/09/2017,4131.98,4131.98,3789.92,3882.59,2219410000.00,68432200000.00,3882.59,0.8379,4633.71524
12/09/2017,4168.88,4344.65,4085.22,4130.81,1864530000.00,69033400000.00,4130.81,0.8393,4921.732396
11/09/2017,4122.47,4261.67,4099.40,4161.27,1557330000.00,68256000000.00,4161.27,0.8413,4946.237965
10/09/2017,4229.34,4245.44,3951.04,4122.94,1679090000.00,70018100000.00,4122.94,0.8406,4904.758506
9/09/2017,4229.81,4308.82,4114.11,4226.06,1386230000.00,70017200000.00,4226.06,0.8406,5027.432786
8/09/2017,4605.16,4661.00,4075.18,4228.75,2700890000.00,76220200000.00,4228.75,0.8406,5030.632881
7/09/2017,4589.14,4655.04,4491.33,4599.88,1844620000.00,75945000000.00,4599.88,0.8359,5502.907046
6/09/2017,4376.59,4617.25,4376.59,4597.12,2172100000.00,72418700000.00,4597.12,0.8354,5502.896816
5/09/2017,4228.29,4427.84,3998.11,4376.53,2697970000.00,69954400000.00,4376.53,0.8308,5267.850265
4/09/2017,4591.63,4591.63,4108.40,4236.31,2987330000.00,75955500000.00,4236.31,0.8319,5092.330809
3/09/2017,4585.27,4714.08,4417.59,4582.96,1933190000.00,75841700000.00,4582.96,0.8305,5518.314269
2/09/2017,4901.42,4975.04,4469.24,4578.77,2722140000.00,81060600000.00,4578.77,0.8305,5513.269115
1/09/2017,4701.76,4892.01,4678.53,4892.01,2599080000.00,77748400000.00,4892.01,0.8305,5890.439494
31/08/2017,4555.59,4736.05,4549.40,4703.39,1944930000.00,75322300000.00,4703.39,0.8268,5688.66715
30/08/2017,4570.36,4626.52,4471.41,4565.30,1937850000.00,75556600000.00,4565.3,0.8311,5493.081458
29/08/2017,4389.21,4625.68,4352.13,4579.02,2486080000.00,72553800000.00,4579.02,0.8321,5502.968393
28/08/2017,4384.45,4403.93,4224.64,4382.66,1959330000.00,72467900000.00,4382.66,0.8296,5282.859209
27/08/2017,4345.10,4416.59,4317.29,4382.88,1537460000.00,71809200000.00,4382.88,0.8276,5295.891735
26/08/2017,4372.06,4379.28,4269.52,4352.40,1511610000.00,72249100000.00,4352.4,0.8276,5259.062349
25/08/2017,4332.82,4455.70,4307.35,4371.60,1727970000.00,71595100000.00,4371.6,0.8276,5282.261962
24/08/2017,4137.60,4376.39,4130.26,4334.68,2037750000.00,68363900000.00,4334.68,0.8266,5243.987418
23/08/2017,4089.01,4255.78,4078.41,4151.52,2369820000.00,67553000000.00,4151.52,0.8272,5018.762089
22/08/2017,3998.35,4128.76,3674.58,4100.52,3764240000.00,66051000000.00,4100.52,0.83,4940.385542
21/08/2017,4090.48,4109.14,3988.60,4001.74,2800890000.00,67567100000.00,4001.74,0.8297,4823.116789
20/08/2017,4189.31,4196.29,4069.88,4087.66,2109770000.00,69192700000.00,4087.66,0.8246,4957.142857
19/08/2017,4137.75,4243.26,3970.55,4193.70,2975820000.00,68333100000.00,4193.7,0.8246,5085.73854
18/08/2017,4324.34,4370.13,4015.40,4160.62,2941710000.00,71406500000.00,4160.62,0.8246,5045.62212
17/08/2017,4384.44,4484.70,4243.71,4331.69,2553360000.00,72389100000.00,4331.69,0.8283,5229.614874
16/08/2017,4200.34,4381.23,3994.42,4376.63,2272040000.00,69342700000.00,4376.63,0.818,5350.403423
15/08/2017,4326.99,4455.97,3906.18,4181.93,3258050000.00,71425500000.00,4181.93,0.821,5093.702801
14/08/2017,4066.10,4325.13,3989.16,4325.13,2463090000.00,67112300000.00,4325.13,0.8253,5240.676118
13/08/2017,3880.04,4208.39,3857.80,4073.26,3159090000.00,64034100000.00,4073.26,0.8233,4947.479655
12/08/2017,3650.63,3949.92,3613.70,3884.71,2219590000.00,60242100000.00,3884.71,0.8233,4718.462286
11/08/2017,3373.82,3679.72,3372.12,3650.62,2021190000.00,55668000000.00,3650.62,0.8233,4434.130936
10/08/2017,3341.84,3453.45,3319.47,3381.28,1515110000.00,55134700000.00,3381.28,0.8254,4096.535013
9/08/2017,3420.40,3422.76,3247.67,3342.47,1468960000.00,56424900000.00,3342.47,0.8274,4039.726855
8/08/2017,3370.22,3484.85,3345.83,3419.94,1752760000.00,55590300000.00,3419.94,0.8276,4132.358627
7/08/2017,3212.78,3397.68,3180.89,3378.94,1482280000.00,52987300000.00,3378.94,0.8306,4068.071274
6/08/2017,3257.61,3293.29,3155.60,3213.94,1105030000.00,53720900000.00,3213.94,0.8311,3867.091806
5/08/2017,2897.63,3290.01,2874.83,3252.91,1945700000.00,47778200000.00,3252.91,0.8311,3913.98147
4/08/2017,2806.93,2899.33,2743.72,2895.89,1002120000.00,46276200000.00,2895.89,0.8311,3484.406209
3/08/2017,2709.56,2813.31,2685.14,2804.73,804797000.00,44666400000.00,2804.73,0.8329,3367.427062
2/08/2017,2727.13,2762.53,2668.59,2710.67,1094950000.00,44950800000.00,2710.67,0.8326,3255.668989
1/08/2017,2871.30,2921.35,2685.61,2718.26,1324670000.00,47321800000.00,2718.26,0.8362,3250.729491
31/07/2017,2763.24,2889.62,2720.61,2875.34,860575000.00,45535800000.00,2875.34,0.8346,3445.17134
30/07/2017,2724.39,2758.53,2644.85,2757.18,705943000.00,44890700000.00,2757.18,0.8329,3310.337375
29/07/2017,2807.02,2808.76,2692.80,2726.45,803746000.00,46246700000.00,2726.45,0.8329,3273.44219
28/07/2017,2679.73,2897.45,2679.73,2809.01,1380100000.00,44144400000.00,2809.01,0.8329,3372.565734
27/07/2017,2538.71,2693.32,2529.34,2671.78,789104000.00,41816500000.00,2671.78,0.8366,3193.617021
26/07/2017,2577.77,2610.76,2450.80,2529.45,937404000.00,42455000000.00,2529.45,0.8294,3049.734748
25/07/2017,2757.50,2768.08,2480.96,2576.48,1460090000.00,45410100000.00,2576.48,0.8282,3110.939387
24/07/2017,2732.70,2777.26,2699.19,2754.86,866474000.00,44995600000.00,2754.86,0.8265,3333.163944
23/07/2017,2808.10,2832.18,2653.94,2730.40,1072840000.00,46231100000.00,2730.4,0.8316,3283.309283
22/07/2017,2668.63,2862.42,2657.71,2810.12,1177130000.00,43929600000.00,2810.12,0.8316,3379.172679
21/07/2017,2838.41,2838.41,2621.85,2667.76,1489450000.00,46719000000.00,2667.76,0.8316,3207.984608
20/07/2017,2269.89,2900.70,2269.89,2817.60,2249260000.00,37356800000.00,2817.6,0.8313,3389.390112
19/07/2017,2323.08,2397.17,2260.23,2273.43,1245100000.00,38227800000.00,2273.43,0.8276,2747.015466
18/07/2017,2233.52,2387.61,2164.77,2318.88,1512450000.00,36749400000.00,2318.88,0.8163,2840.720323
17/07/2017,1932.62,2230.49,1932.62,2228.41,1201760000.00,31795000000.00,2228.41,0.8175,2725.883792
16/07/2017,1991.98,2058.77,1843.03,1929.82,1182870000.00,32767600000.00,1929.82,0.8094,2384.259946
15/07/2017,2230.12,2231.14,1990.41,1998.86,993608000.00,36681300000.00,1998.86,0.8094,2469.557697
14/07/2017,2360.59,2363.25,2183.22,2233.34,882503000.00,38823100000.00,2233.34,0.8094,2759.253768
13/07/2017,2402.70,2425.22,2340.83,2357.90,835770000.00,39511000000.00,2357.9,0.8038,2933.441155
12/07/2017,2332.77,2423.71,2275.14,2398.84,1117410000.00,38355900000.00,2398.84,0.7999,2998.924866
11/07/2017,2385.89,2413.47,2296.81,2337.79,1329760000.00,39224200000.00,2337.79,0.7966,2934.710018
10/07/2017,2525.25,2537.16,2321.13,2372.56,1111200000.00,41509000000.00,2372.56,0.7955,2982.47643
9/07/2017,2572.61,2635.49,2517.59,2518.44,527856000.00,42283200000.00,2518.44,0.7946,3169.443745
8/07/2017,2520.27,2571.34,2492.31,2571.34,733330000.00,41417700000.00,2571.34,0.7946,3236.018122
7/07/2017,2608.59,2916.14,2498.87,2518.66,917412000.00,42864200000.00,2518.66,0.7946,3169.720614
6/07/2017,2608.10,2616.72,2581.69,2608.56,761957000.00,42851400000.00,2608.56,0.7962,3276.262246
5/07/2017,2602.87,2622.65,2538.55,2601.99,941566000.00,42760800000.00,2601.99,0.7977,3261.865363
4/07/2017,2561.00,2631.59,2559.35,2601.64,985516000.00,42067900000.00,2601.64,0.802,3243.94015
3/07/2017,2498.56,2595.00,2480.47,2564.06,964112000.00,41037200000.00,2564.06,0.8039,3189.52606
2/07/2017,2436.40,2514.28,2394.84,2506.47,803747000.00,40010500000.00,2506.47,0.8039,3117.887797
1/07/2017,2492.60,2515.27,2419.23,2434.55,779914000.00,40928200000.00,2434.55,0.8039,3028.423933
30/06/2017,2539.24,2559.25,2478.43,2480.84,860273000.00,41689100000.00,2480.84,,
29/06/2017,2567.56,2588.83,2510.48,2539.32,949979000.00,42150300000.00,2539.32,,
28/06/2017,2553.03,2603.98,2484.42,2574.79,1183870000.00,41906700000.00,2574.79,,
27/06/2017,2478.45,2552.45,2332.99,2552.45,1489790000.00,40677900000.00,2552.45,,
26/06/2017,2590.57,2615.25,2376.29,2478.45,1663280000.00,42514000000.00,2478.45,,
25/06/2017,2607.25,2682.26,2552.12,2589.41,1161100000.00,42783800000.00,2589.41,,
24/06/2017,2738.52,2757.94,2583.19,2608.72,982750000.00,44932900000.00,2608.72,,
23/06/2017,2707.34,2765.17,2706.37,2744.91,961319000.00,44415900000.00,2744.91,,
22/06/2017,2691.03,2723.74,2642.36,2705.41,1097940000.00,44143700000.00,2705.41,,
21/06/2017,2709.43,2772.01,2660.40,2689.10,1626580000.00,44440800000.00,2689.1,,
20/06/2017,2591.26,2763.45,2589.82,2721.79,1854190000.00,42498000000.00,2721.79,,
19/06/2017,2549.03,2662.85,2549.03,2589.60,1446840000.00,41800600000.00,2589.6,,
18/06/2017,2655.35,2662.10,2516.33,2548.29,1178660000.00,43539300000.00,2548.29,,
17/06/2017,2514.01,2685.19,2484.96,2655.88,1534510000.00,41217200000.00,2655.88,,
16/06/2017,2469.57,2539.92,2385.15,2518.56,1195190000.00,40484100000.00,2518.56,,
15/06/2017,2499.58,2534.71,2212.96,2464.58,2026260000.00,40971300000.00,2464.58,,
14/06/2017,2716.88,2786.83,2412.94,2506.37,1696560000.00,44528300000.00,2506.37,,
13/06/2017,2680.91,2789.04,2650.38,2717.02,1781200000.00,43934100000.00,2717.02,,
12/06/2017,2953.22,2997.26,2518.56,2659.63,2569530000.00,48391200000.00,2659.63,,
11/06/2017,2942.41,2996.60,2840.53,2958.11,1752400000.00,48208700000.00,2958.11,,
10/06/2017,2828.14,2950.99,2746.55,2947.71,2018890000.00,46331400000.00,2947.71,,
9/06/2017,2807.44,2901.71,2795.62,2823.81,1348950000.00,45987100000.00,2823.81,,
8/06/2017,2720.49,2815.30,2670.95,2805.62,1281170000.00,44557100000.00,2805.62,,
7/06/2017,2869.38,2869.38,2700.56,2732.16,1517710000.00,46989800000.00,2732.16,,
6/06/2017,2690.84,2999.91,2690.84,2863.20,2089610000.00,44061000000.00,2863.2,,
5/06/2017,2512.40,2686.81,2510.22,2686.81,1369310000.00,41133900000.00,2686.81,,
4/06/2017,2547.79,2585.89,2452.54,2511.81,1355120000.00,41708200000.00,2511.81,,
3/06/2017,2493.72,2581.91,2423.57,2515.35,1514950000.00,40817100000.00,2515.35,,
2/06/2017,2404.03,2488.55,2373.32,2488.55,1317030000.00,39344600000.00,2488.55,,
1/06/2017,2288.33,2448.39,2288.33,2407.88,1653180000.00,37446200000.00,2407.88,,
31/05/2017,2187.19,2311.08,2145.57,2286.41,1544830000.00,35786700000.00,2286.41,,
30/05/2017,2255.36,2301.96,2124.57,2175.47,1443970000.00,36897000000.00,2175.47,,
29/05/2017,2159.43,2307.05,2107.17,2255.61,994625000.00,35323500000.00,2255.61,,
28/05/2017,2054.08,2267.34,2054.08,2155.80,1147140000.00,33595900000.00,2155.8,,
27/05/2017,2196.27,2260.20,1855.83,2038.87,1700480000.00,35917100000.00,2038.87,,
26/05/2017,2320.89,2573.79,2071.99,2202.42,1763480000.00,37950600000.00,2202.42,,
25/05/2017,2446.24,2763.71,2285.30,2304.98,2406700000.00,39995400000.00,2304.98,,
24/05/2017,2321.37,2523.72,2321.37,2443.64,1725380000.00,37949200000.00,2443.64,,
23/05/2017,2191.56,2320.82,2178.50,2320.42,1378750000.00,35822600000.00,2320.42,,
22/05/2017,2043.19,2303.90,2017.87,2173.40,1942220000.00,33393600000.00,2173.4,,
21/05/2017,2067.03,2119.08,2037.50,2041.20,1147860000.00,33779400000.00,2041.2,,
20/05/2017,1984.24,2084.73,1974.92,2084.73,961336000.00,32422400000.00,2084.73,,
19/05/2017,1897.37,2004.52,1890.25,1987.71,1157290000.00,30999000000.00,1987.71,,
18/05/2017,1818.70,1904.48,1807.12,1888.65,894321000.00,29710500000.00,1888.65,,
17/05/2017,1726.73,1864.05,1661.91,1839.09,1064730000.00,28204800000.00,1839.09,,
16/05/2017,1741.70,1785.94,1686.54,1734.45,959045000.00,28446300000.00,1734.45,,
15/05/2017,1808.44,1812.80,1708.54,1738.43,731529000.00,29532600000.00,1738.43,,
14/05/2017,1800.86,1831.42,1776.62,1808.91,437196000.00,29405100000.00,1808.91,,
13/05/2017,1723.12,1812.99,1651.08,1804.91,579635000.00,28132300000.00,1804.91,,
12/05/2017,1845.76,1856.15,1694.01,1724.24,740984000.00,30131100000.00,1724.24,,
11/05/2017,1780.37,1873.93,1755.35,1848.57,799490000.00,29060600000.00,1848.57,,
10/05/2017,1756.52,1788.44,1719.10,1787.13,915723000.00,28668100000.00,1787.13,,
9/05/2017,1723.89,1833.49,1716.30,1755.36,1167920000.00,28132200000.00,1755.36,,
8/05/2017,1596.92,1723.35,1596.92,1723.35,1340320000.00,26056500000.00,1723.35,,
7/05/2017,1579.47,1596.72,1559.76,1596.71,1080030000.00,25768500000.00,1596.71,,
6/05/2017,1556.81,1578.80,1542.50,1578.80,582530000.00,25395600000.00,1578.8,,
5/05/2017,1540.87,1618.03,1530.31,1555.45,946036000.00,25133100000.00,1555.45,,
4/05/2017,1490.72,1608.91,1490.72,1537.67,933549000.00,24311900000.00,1537.67,,
3/05/2017,1453.78,1492.77,1447.49,1490.09,583796000.00,23707100000.00,1490.09,,
2/05/2017,1421.03,1473.90,1415.69,1452.82,477338000.00,23170200000.00,1452.82,,
1/05/2017,1348.30,1434.32,1348.30,1421.60,713624000.00,21981800000.00,1421.6,,
30/04/2017,1321.87,1347.91,1314.92,1347.89,413115000.00,21548400000.00,1347.89,,
29/04/2017,1317.84,1327.20,1315.21,1321.79,422706000.00,21479800000.00,1321.79,,
28/04/2017,1317.74,1331.28,1292.37,1316.48,527489000.00,21476000000.00,1316.48,,
27/04/2017,1281.88,1319.70,1281.30,1317.73,449197000.00,20889200000.00,1317.73,,
26/04/2017,1265.99,1294.83,1265.93,1281.08,329631000.00,20627900000.00,1281.08,,
25/04/2017,1250.45,1267.58,1249.97,1265.49,242556000.00,20372300000.00,1265.49,,
24/04/2017,1209.63,1250.94,1209.63,1250.15,235806000.00,19705400000.00,1250.15,,
23/04/2017,1231.92,1232.20,1203.94,1207.21,258951000.00,20066200000.00,1207.21,,
22/04/2017,1222.71,1235.56,1208.47,1231.71,249320000.00,19913900000.00,1231.71,,
21/04/2017,1229.42,1235.94,1215.56,1222.05,272167000.00,20020700000.00,1222.05,,
20/04/2017,1211.08,1240.79,1208.41,1229.08,315108000.00,19719900000.00,1229.08,,
19/04/2017,1212.13,1215.51,1205.08,1210.29,288061000.00,19734800000.00,1210.29,,
18/04/2017,1193.77,1217.57,1193.77,1211.67,270524000.00,19433800000.00,1211.67,,
17/04/2017,1183.25,1194.90,1172.65,1193.91,253206000.00,19260500000.00,1193.91,,
16/04/2017,1172.61,1187.22,1172.61,1182.94,183231000.00,19085100000.00,1182.94,,
15/04/2017,1167.30,1188.00,1164.96,1172.52,203559000.00,18996500000.00,1172.52,,
14/04/2017,1170.33,1190.80,1159.79,1167.54,254827000.00,19043800000.00,1167.54,,
13/04/2017,1201.02,1205.89,1156.44,1169.28,351969000.00,19541300000.00,1169.28,,
12/04/2017,1204.81,1207.14,1196.76,1200.37,288702000.00,19600800000.00,1200.37,,
11/04/2017,1187.46,1208.07,1187.46,1205.01,216182000.00,19316000000.00,1205.01,,
10/04/2017,1187.30,1190.34,1179.04,1187.13,215883000.00,19311200000.00,1187.13,,
9/04/2017,1176.57,1197.21,1171.86,1187.87,242343000.00,19134400000.00,1187.87,,
8/04/2017,1172.65,1184.98,1162.58,1175.95,209312000.00,19068600000.00,1175.95,,
7/04/2017,1178.94,1186.58,1163.39,1176.90,317022000.00,19168500000.00,1176.9,,
6/04/2017,1125.81,1188.37,1125.81,1182.68,511222000.00,18302600000.00,1182.68,,
5/04/2017,1134.14,1135.09,1113.63,1124.78,414784000.00,18435700000.00,1124.78,,
4/04/2017,1145.52,1156.44,1120.52,1133.25,436310000.00,18619000000.00,1133.25,,
3/04/2017,1102.95,1151.74,1102.95,1143.81,580444000.00,17924600000.00,1143.81,,
2/04/2017,1080.61,1107.59,1075.45,1102.17,514187000.00,17559400000.00,1102.17,,
1/04/2017,1071.71,1091.72,1061.09,1080.50,289634000.00,17413000000.00,1080.5,,
31/03/2017,1026.64,1074.92,1026.64,1071.79,447287000.00,16679000000.00,1071.79,,
30/03/2017,1042.21,1049.29,1020.04,1026.43,352969000.00,16929800000.00,1026.43,,
29/03/2017,1046.08,1055.13,1015.88,1039.97,298458000.00,16990900000.00,1039.97,,
28/03/2017,1044.58,1064.65,1027.73,1047.15,326332000.00,16964500000.00,1047.15,,
27/03/2017,972.06,1046.40,971.98,1045.77,372535000.00,15785000000.00,1045.77,,
26/03/2017,974.02,1007.96,954.19,966.73,303668000.00,15814800000.00,966.73,,
25/03/2017,936.54,975.76,903.71,972.78,435803000.00,15204800000.00,972.78,,
24/03/2017,1038.45,1040.47,934.36,937.52,491038000.00,16857000000.00,937.52,,
23/03/2017,1050.05,1058.01,1028.93,1038.59,248540000.00,17043400000.00,1038.59,,
22/03/2017,1120.65,1120.65,1014.21,1049.14,380841000.00,18187100000.00,1049.14,,
21/03/2017,1055.36,1122.43,1055.36,1120.54,337391000.00,17125600000.00,1120.54,,
20/03/2017,1037.24,1063.03,1036.68,1054.23,286530000.00,16829800000.00,1054.23,,
19/03/2017,976.73,1069.91,976.73,1036.74,406648000.00,15846000000.00,1036.74,,
18/03/2017,1099.69,1114.07,957.66,973.82,621302000.00,17838700000.00,973.82,,
17/03/2017,1180.16,1180.16,1099.57,1100.23,706599000.00,19141800000.00,1100.23,,
16/03/2017,1251.33,1257.98,1152.44,1187.81,638568000.00,20293700000.00,1187.81,,
15/03/2017,1240.16,1251.61,1239.75,1249.61,297805000.00,20110400000.00,1249.61,,
14/03/2017,1232.16,1244.81,1220.72,1240.00,245306000.00,19978200000.00,1240,,
13/03/2017,1221.78,1237.37,1217.03,1231.92,380277000.00,19807700000.00,1231.92,,
12/03/2017,1176.62,1226.98,1175.36,1221.38,227176000.00,19073300000.00,1221.38,,
11/03/2017,1116.32,1193.83,1116.32,1175.83,283320000.00,18093700000.00,1175.83,,
10/03/2017,1189.36,1270.47,1077.25,1116.72,563796000.00,19275300000.00,1116.72,,
9/03/2017,1150.35,1197.46,1141.23,1188.49,212283000.00,18640900000.00,1188.49,,
8/03/2017,1223.23,1232.16,1148.08,1150.00,332603000.00,19819800000.00,1150,,
7/03/2017,1273.21,1275.55,1204.80,1223.54,291256000.00,20627100000.00,1223.54,,
6/03/2017,1267.47,1276.00,1264.60,1272.83,153657000.00,20531900000.00,1272.83,,
5/03/2017,1254.29,1267.29,1238.06,1267.12,134127000.00,20316000000.00,1267.12,,
4/03/2017,1277.43,1279.40,1230.51,1255.15,183270000.00,20688800000.00,1255.15,,
3/03/2017,1250.71,1280.31,1250.71,1274.99,315739000.00,20253700000.00,1274.99,,
2/03/2017,1224.68,1262.13,1215.62,1251.01,368275000.00,19829800000.00,1251.01,,
1/03/2017,1180.04,1222.50,1179.69,1222.50,229057000.00,19104800000.00,1222.5,,
28/02/2017,1180.72,1193.25,1171.82,1179.97,184956000.00,19113600000.00,1179.97,,
27/02/2017,1163.78,1181.98,1163.38,1179.97,131570000.00,18837300000.00,1179.97,,
26/02/2017,1144.27,1167.47,1130.20,1165.20,116486000.00,18518900000.00,1165.2,,
25/02/2017,1170.41,1174.85,1124.59,1143.84,139961000.00,18939500000.00,1143.84,,
24/02/2017,1172.71,1200.39,1131.96,1173.68,330759000.00,18974400000.00,1173.68,,
23/02/2017,1117.27,1176.62,1116.96,1166.72,189454000.00,18075200000.00,1166.72,,
22/02/2017,1114.80,1125.39,1100.55,1117.44,136100000.00,18033400000.00,1117.44,,
21/02/2017,1079.28,1117.25,1076.93,1115.30,186869000.00,17456900000.00,1115.3,,
20/02/2017,1048.69,1080.49,1041.69,1079.98,109478000.00,16960200000.00,1079.98,,
19/02/2017,1054.76,1056.81,1043.46,1047.87,77423300.00,17056600000.00,1047.87,,
18/02/2017,1049.21,1061.10,1046.96,1054.42,99073500.00,16964800000.00,1054.42,,
17/02/2017,1026.12,1053.17,1025.64,1046.21,136474000.00,16589600000.00,1046.21,,
16/02/2017,1007.65,1033.37,1007.65,1027.44,122277000.00,16289100000.00,1027.44,,
15/02/2017,1006.21,1008.84,1001.58,1007.48,89759400.00,16264100000.00,1007.48,,
14/02/2017,991.74,1011.51,986.47,1004.55,137946000.00,16028000000.00,1004.55,,
13/02/2017,998.89,1002.10,976.00,990.64,100607000.00,16141500000.00,990.64,,
12/02/2017,1003.52,1004.76,996.92,999.18,67530000.00,16214700000.00,999.18,,
11/02/2017,988.90,1009.29,982.83,1004.45,102261000.00,15976700000.00,1004.45,,
10/02/2017,995.63,998.91,946.69,988.67,190452000.00,16083600000.00,988.67,,
9/02/2017,1064.70,1088.99,953.34,994.38,407220000.00,17197100000.00,994.38,,
8/02/2017,1062.32,1078.97,1037.49,1063.07,201855000.00,17156700000.00,1063.07,,
7/02/2017,1040.14,1061.93,1040.14,1061.35,146007000.00,16796600000.00,1061.35,,
6/02/2017,1028.40,1044.64,1028.16,1038.15,111762000.00,16605400000.00,1038.15,,
5/02/2017,1043.52,1043.63,1022.37,1027.34,114208000.00,16847400000.00,1027.34,,
4/02/2017,1031.33,1045.90,1015.16,1042.90,155064000.00,16648800000.00,1042.9,,
3/02/2017,1011.46,1033.87,1008.79,1029.91,201278000.00,16326100000.00,1029.91,,
2/02/2017,990.00,1013.52,983.22,1011.80,145821000.00,15977800000.00,1011.8,,
1/02/2017,970.94,989.11,970.74,989.02,150110000.00,15667900000.00,989.02,,
31/01/2017,920.96,972.02,920.96,970.40,164582000.00,14859700000.00,970.4,,
30/01/2017,920.15,923.05,919.47,920.38,78227300.00,14844900000.00,920.38,,
29/01/2017,922.07,923.42,919.15,919.50,60851700.00,14874000000.00,919.5,,
28/01/2017,919.81,923.91,919.81,921.59,68979600.00,14835800000.00,921.59,,
27/01/2017,918.36,923.22,915.85,919.75,125594000.00,14810400000.00,919.75,,
26/01/2017,902.40,919.33,902.22,917.59,131958000.00,14551200000.00,917.59,,
25/01/2017,891.92,903.25,891.69,901.54,120831000.00,14380700000.00,901.54,,
24/01/2017,910.68,924.15,892.29,892.69,111349000.00,14681400000.00,892.69,,
23/01/2017,925.50,928.27,916.74,921.01,73588600.00,14918800000.00,921.01,,
22/01/2017,922.21,937.53,897.56,924.67,116573000.00,14863600000.00,924.67,,
21/01/2017,895.55,927.37,895.54,921.79,111158000.00,14432000000.00,921.79,,
20/01/2017,898.17,899.40,887.01,895.03,86728400.00,14472100000.00,895.03,,
19/01/2017,888.34,904.61,884.34,899.07,105625000.00,14311700000.00,899.07,,
18/01/2017,909.37,917.50,858.30,886.62,225677000.00,14648900000.00,886.62,,
17/01/2017,830.95,910.56,830.80,907.94,155095000.00,13383900000.00,907.94,,
16/01/2017,821.78,834.53,820.27,831.53,82755200.00,13234600000.00,831.53,,
15/01/2017,818.14,823.31,812.87,821.80,71013600.00,13174300000.00,821.8,,
14/01/2017,825.14,835.09,812.46,818.41,93063300.00,13285200000.00,818.41,,
13/01/2017,803.74,829.00,780.00,823.98,168968000.00,12939100000.00,823.98,,
12/01/2017,775.18,826.25,755.76,804.83,222326000.00,12477600000.00,804.83,,
11/01/2017,908.12,919.45,762.77,777.76,310929000.00,14615700000.00,777.76,,
10/01/2017,902.44,914.87,901.06,907.68,115808000.00,14522600000.00,907.68,,
9/01/2017,913.24,913.69,879.81,902.83,141877000.00,14694900000.00,902.83,,
8/01/2017,908.18,942.72,887.25,911.20,158715000.00,14611400000.00,911.2,,
7/01/2017,903.49,908.59,823.56,908.59,279550000.00,14534400000.00,908.59,,
6/01/2017,1014.24,1046.81,883.94,902.20,351876000.00,16314100000.00,902.2,,
5/01/2017,1156.73,1191.10,910.42,1013.38,510199000.00,18604000000.00,1013.38,,
4/01/2017,1044.40,1159.42,1044.40,1154.73,344946000.00,16795400000.00,1154.73,,
3/01/2017,1021.60,1044.08,1021.60,1043.84,185168000.00,16426600000.00,1043.84,,
2/01/2017,998.62,1031.39,996.70,1021.75,222185000.00,16055100000.00,1021.75,,
1/01/2017,963.66,1003.08,958.70,998.33,147775000.00,15491200000.00,998.33,,
31/12/2016,960.63,963.74,947.24,963.74,99135100.00,15440700000.00,963.74,,
30/12/2016,972.54,972.54,934.83,961.24,187474000.00,15630200000.00,961.24,,
29/12/2016,975.13,979.40,954.50,973.50,199320000.00,15670000000.00,973.5,,
28/12/2016,934.83,975.92,934.83,975.92,236630000.00,15020500000.00,975.92,,
27/12/2016,908.35,940.05,904.26,933.20,167308000.00,14593300000.00,933.2,,
26/12/2016,896.91,913.18,896.90,907.61,123771000.00,14407800000.00,907.61,,
25/12/2016,899.65,899.65,862.42,896.18,143665000.00,14450100000.00,896.18,,
24/12/2016,922.18,923.48,886.34,898.82,137727000.00,14810300000.00,898.82,,
23/12/2016,864.89,925.12,864.68,921.98,275564000.00,13888600000.00,921.98,,
22/12/2016,834.18,875.78,834.15,864.54,200027000.00,13393800000.00,864.54,,
21/12/2016,800.64,834.28,799.41,834.28,155576000.00,12853700000.00,834.28,,
20/12/2016,792.25,801.34,791.50,800.88,99629300.00,12717600000.00,800.88,,
19/12/2016,790.69,793.61,790.32,792.71,74886400.00,12691100000.00,792.71,,
18/12/2016,791.01,794.74,788.03,790.53,60524400.00,12694800000.00,790.53,,
17/12/2016,785.17,792.51,784.86,790.83,78989800.00,12599600000.00,790.83,,
16/12/2016,778.96,785.03,778.96,784.91,83608200.00,12498800000.00,784.91,,
15/12/2016,780.07,781.44,777.80,778.09,81580100.00,12511700000.00,778.09,,
14/12/2016,780.01,782.03,776.84,781.48,75979000.00,12512900000.00,781.48,,
13/12/2016,780.65,788.46,777.96,780.56,81645600.00,12521500000.00,780.56,,
12/12/2016,770.04,781.92,770.04,780.09,76571000.00,12349800000.00,780.09,,
11/12/2016,774.75,774.80,765.41,769.73,57313400.00,12423600000.00,769.73,,
10/12/2016,773.02,777.09,772.91,774.65,53843100.00,12394500000.00,774.65,,
9/12/2016,769.94,774.53,769.65,772.79,68705300.00,12344000000.00,772.79,,
8/12/2016,768.08,774.70,765.95,770.81,80111900.00,12312500000.00,770.81,,
7/12/2016,764.21,771.54,759.75,768.13,96426100.00,12248900000.00,768.13,,
6/12/2016,758.72,765.62,758.72,764.22,116218000.00,12159400000.00,764.22,,
5/12/2016,773.39,773.47,751.71,758.70,106363000.00,12393100000.00,758.7,,
4/12/2016,771.64,773.87,768.16,773.87,60557900.00,12363600000.00,773.87,,
3/12/2016,778.25,778.25,764.86,771.16,69547300.00,12467800000.00,771.16,,
2/12/2016,757.55,781.30,757.55,777.94,127605000.00,12134800000.00,777.94,,
1/12/2016,746.05,758.28,746.05,756.77,80461900.00,11949200000.00,756.77,,
30/11/2016,736.28,747.93,736.27,745.69,84070800.00,11791600000.00,745.69,,
29/11/2016,736.33,737.47,734.56,735.60,68511100.00,11790900000.00,735.6,,
28/11/2016,732.48,738.01,732.48,735.81,61888600.00,11727800000.00,735.81,,
27/11/2016,735.44,739.02,731.09,732.04,52601800.00,11773800000.00,732.04,,
26/11/2016,741.51,742.21,729.63,735.38,54962700.00,11869600000.00,735.38,,
25/11/2016,740.44,741.65,734.59,741.65,67807600.00,11851100000.00,741.65,,
24/11/2016,744.62,746.83,733.49,740.29,85919300.00,11916500000.00,740.29,,
23/11/2016,751.74,752.25,738.92,744.59,76543800.00,12029000000.00,744.59,,
22/11/2016,739.64,753.87,736.53,751.35,129906000.00,11834200000.00,751.35,,
21/11/2016,731.27,741.72,730.51,739.25,60802400.00,11698900000.00,739.25,,
20/11/2016,751.88,755.48,717.94,731.03,154116000.00,12027500000.00,731.03,,
19/11/2016,751.83,756.24,744.47,751.62,110608000.00,12025400000.00,751.62,,
18/11/2016,740.71,752.88,736.89,751.59,87363100.00,11846000000.00,751.59,,
17/11/2016,744.88,755.65,739.51,740.98,108579000.00,11911300000.00,740.98,,
16/11/2016,711.17,747.62,709.04,744.20,141294000.00,11370700000.00,744.2,,
15/11/2016,705.79,715.72,705.26,711.62,72038500.00,11283400000.00,711.62,,
14/11/2016,702.00,706.28,699.81,705.02,62993000.00,11214600000.00,705.02,,
13/11/2016,705.20,705.26,687.32,702.03,80318100.00,11264500000.00,702.03,,
12/11/2016,716.75,717.15,704.04,705.05,64622500.00,11447700000.00,705.05,,
11/11/2016,715.56,718.32,714.41,716.41,63119700.00,11427200000.00,716.41,,
10/11/2016,722.84,723.02,711.21,715.53,68807800.00,11542100000.00,715.53,,
9/11/2016,709.83,740.05,708.61,723.27,132429000.00,11333000000.00,723.27,,
8/11/2016,703.09,712.99,702.39,709.85,79660800.00,11224000000.00,709.85,,
7/11/2016,710.74,710.74,699.90,703.13,65047100.00,11344800000.00,703.13,,
6/11/2016,703.81,714.26,699.56,711.52,59902200.00,11233000000.00,711.52,,
5/11/2016,703.53,707.51,697.74,703.42,53752300.00,11227200000.00,703.42,,
4/11/2016,689.12,706.93,685.56,703.24,99907700.00,10996400000.00,703.24,,
3/11/2016,742.35,745.77,678.16,688.70,172808000.00,11844300000.00,688.7,,
2/11/2016,730.07,740.83,722.35,740.83,84865200.00,11647200000.00,740.83,,
1/11/2016,701.34,736.45,701.34,729.79,130527000.00,11187700000.00,729.79,,
31/10/2016,702.64,709.29,691.68,700.97,97064400.00,11207200000.00,700.97,,
30/10/2016,714.12,714.12,696.48,701.86,100665000.00,11388800000.00,701.86,,
29/10/2016,690.29,720.40,690.05,714.48,134761000.00,11007600000.00,714.48,,
28/10/2016,688.00,690.44,684.16,689.65,81145500.00,10969800000.00,689.65,,
27/10/2016,678.21,688.59,678.04,688.31,96105300.00,10812500000.00,688.31,,
26/10/2016,657.68,679.73,657.68,678.30,88877100.00,10484000000.00,678.3,,
25/10/2016,654.00,664.42,653.70,657.59,90378800.00,10424300000.00,657.59,,
24/10/2016,657.16,657.25,652.60,653.76,62218200.00,10473500000.00,653.76,,
23/10/2016,657.62,661.13,653.89,657.07,54474600.00,10479700000.00,657.07,,
22/10/2016,633.14,658.20,632.85,657.29,78556500.00,10088400000.00,657.29,,
21/10/2016,630.83,634.09,630.69,632.83,55951000.00,10050300000.00,632.83,,
20/10/2016,630.66,631.92,628.26,630.86,56957300.00,10046700000.00,630.86,,
19/10/2016,638.13,638.87,628.01,630.52,69381700.00,10164800000.00,630.52,,
18/10/2016,639.41,640.74,636.00,637.96,65546700.00,10184000000.00,637.96,,
17/10/2016,641.82,642.33,638.66,639.19,58063600.00,10221300000.00,639.19,,
16/10/2016,639.08,642.90,638.90,641.63,40298100.00,10176800000.00,641.63,,
15/10/2016,640.31,642.10,637.39,638.65,39035400.00,10195200000.00,638.65,,
14/10/2016,637.01,641.29,637.01,640.38,58144600.00,10141600000.00,640.38,,
13/10/2016,636.03,638.83,635.03,636.79,61620700.00,10125100000.00,636.79,,
12/10/2016,640.87,641.34,635.97,636.19,92370200.00,10201000000.00,636.19,,
11/10/2016,619.24,642.08,618.50,641.07,103590000.00,9855650000.00,641.07,,
10/10/2016,616.82,621.32,616.20,618.99,67481100.00,9816270000.00,618.99,,
9/10/2016,619.17,619.20,616.61,616.75,39243400.00,9852480000.00,616.75,,
8/10/2016,617.34,619.85,617.34,619.11,42345900.00,9822100000.00,619.11,,
7/10/2016,612.61,617.91,611.82,617.12,64071400.00,9745740000.00,617.12,,
6/10/2016,612.47,613.82,611.47,613.02,56812100.00,9742370000.00,613.02,,
5/10/2016,610.22,613.81,609.62,612.51,68077500.00,9705320000.00,612.51,,
4/10/2016,612.05,612.05,609.48,610.20,49801600.00,9733330000.00,610.2,,
3/10/2016,610.97,612.57,610.46,612.13,46798300.00,9714980000.00,612.13,,
2/10/2016,613.95,614.01,609.68,610.89,39249800.00,9761330000.00,610.89,,
1/10/2016,609.93,615.24,609.93,613.98,56357000.00,9696280000.00,613.98,,
30/09/2016,605.72,609.74,604.14,609.74,56122400.00,9628250000.00,609.74,,
29/09/2016,605.02,606.82,604.85,605.69,55658600.00,9616160000.00,605.69,,
28/09/2016,606.24,606.59,604.61,604.73,48722600.00,9634530000.00,604.73,,
27/09/2016,608.02,608.25,604.11,606.17,49422400.00,9661590000.00,606.17,,
26/09/2016,600.81,608.14,600.35,608.04,59153800.00,9545830000.00,608.04,,
25/09/2016,602.75,603.38,599.71,600.83,33977800.00,9575360000.00,600.83,,
24/09/2016,602.96,604.58,602.05,602.63,35359500.00,9577520000.00,602.63,,
23/09/2016,596.20,603.21,595.79,602.84,51067000.00,9469130000.00,602.84,,
22/09/2016,597.28,598.49,596.21,596.30,67085300.00,9485280000.00,596.3,,
21/09/2016,603.59,603.59,595.88,597.15,82776200.00,9584260000.00,597.15,,
20/09/2016,609.25,609.53,607.94,608.31,72710900.00,9673140000.00,608.31,,
19/09/2016,609.87,610.93,608.27,609.23,54796400.00,9681960000.00,609.23,,
18/09/2016,606.28,610.16,605.86,609.87,48679400.00,9623950000.00,609.87,,
17/09/2016,607.22,607.86,605.19,605.98,37140300.00,9637600000.00,605.98,,
16/09/2016,607.25,609.26,606.74,606.97,64963400.00,9637020000.00,606.97,,
15/09/2016,610.59,611.09,607.16,607.16,59464600.00,9688940000.00,607.16,,
14/09/2016,608.84,611.95,608.41,610.68,47877700.00,9660080000.00,610.68,,
13/09/2016,608.03,611.19,606.93,609.24,86920600.00,9645930000.00,609.24,,
12/09/2016,607.01,608.46,605.41,608.24,72812300.00,9628560000.00,608.24,,
11/09/2016,623.42,628.82,600.51,606.72,73610800.00,9887780000.00,606.72,,
10/09/2016,622.93,625.10,622.40,623.51,45016800.00,9878730000.00,623.51,,
9/09/2016,626.35,626.83,620.26,622.86,64550200.00,9931980000.00,622.86,,
8/09/2016,614.64,628.77,613.84,626.32,86713000.00,9745120000.00,626.32,,
7/09/2016,610.57,614.55,608.51,614.54,75032400.00,9679610000.00,614.54,,
6/09/2016,606.51,610.83,605.09,610.44,78529100.00,9614140000.00,610.44,,
5/09/2016,608.99,609.06,602.24,606.59,82446800.00,9652490000.00,606.59,,
4/09/2016,598.59,611.84,596.85,608.63,97942900.00,9486370000.00,608.63,,
3/09/2016,575.56,599.50,574.06,598.21,159014000.00,9120440000.00,598.21,,
2/09/2016,572.41,575.64,570.81,575.54,79910800.00,9069550000.00,575.54,,
1/09/2016,575.55,576.31,571.81,572.30,76923400.00,9118280000.00,572.3,,
31/08/2016,577.59,577.86,573.64,575.47,75840900.00,9149730000.00,575.47,,
30/08/2016,574.11,578.36,574.11,577.50,70342400.00,9093530000.00,577.5,,
29/08/2016,574.07,576.28,573.47,574.11,110398000.00,9091830000.00,574.11,,
28/08/2016,569.83,574.04,569.74,573.91,86301600.00,9023610000.00,573.91,,
27/08/2016,579.45,579.85,568.63,569.95,59698300.00,9174990000.00,569.95,,
26/08/2016,577.75,580.62,576.86,579.65,48856800.00,9147170000.00,579.65,,
25/08/2016,580.18,580.45,575.17,577.76,136130000.00,9184700000.00,577.76,,
24/08/2016,583.41,583.59,579.86,580.18,56328200.00,9234800000.00,580.18,,
23/08/2016,586.77,589.47,581.63,583.42,85349200.00,9286930000.00,583.42,,
22/08/2016,581.31,588.45,580.59,586.75,72844000.00,9199410000.00,586.75,,
21/08/2016,581.94,584.16,580.22,581.31,38299400.00,9208210000.00,581.31,,
20/08/2016,576.08,582.82,575.46,581.70,45301400.00,9114500000.00,581.7,,
19/08/2016,574.34,578.24,574.18,575.63,50631600.00,9085820000.00,575.63,,
18/08/2016,573.71,577.79,573.43,574.32,59896600.00,9074760000.00,574.32,,
17/08/2016,577.76,580.89,571.43,573.22,54443000.00,9138030000.00,573.22,,
16/08/2016,567.24,581.74,566.72,577.44,58405200.00,8970770000.00,577.44,,
15/08/2016,570.49,573.58,563.24,567.24,57262300.00,9021180000.00,567.24,,
14/08/2016,585.59,585.67,564.78,570.47,60851100.00,9258730000.00,570.47,,
13/08/2016,587.36,589.77,584.98,585.59,43563000.00,9285530000.00,585.59,,
12/08/2016,588.80,589.91,583.81,587.56,69218000.00,9307250000.00,587.56,,
11/08/2016,592.12,597.54,589.12,589.12,74514400.00,9358770000.00,589.12,,
10/08/2016,587.65,599.98,586.37,592.10,102905000.00,9286960000.00,592.1,,
9/08/2016,591.04,591.09,584.79,587.80,92228100.00,9339660000.00,587.8,,
8/08/2016,592.74,592.99,588.05,591.05,61194100.00,9365440000.00,591.05,,
7/08/2016,587.77,597.51,586.82,592.69,82398400.00,9285940000.00,592.69,,
6/08/2016,575.03,588.40,569.47,587.78,80797300.00,9083510000.00,587.78,,
5/08/2016,578.28,578.28,569.98,575.04,66127900.00,9133690000.00,575.04,,
4/08/2016,566.33,579.50,565.78,578.29,125292000.00,8943870000.00,578.29,,
3/08/2016,548.66,573.36,541.55,566.36,207982000.00,8663670000.00,566.36,,
2/08/2016,606.40,612.85,531.33,547.47,330933000.00,9574320000.00,547.47,,
1/08/2016,624.60,626.12,605.88,606.27,121887000.00,9860620000.00,606.27,,
31/07/2016,655.10,655.29,624.37,624.68,110818000.00,10340900000.00,624.68,,
30/07/2016,657.01,658.22,654.21,655.05,38456100.00,10370100000.00,655.05,,
29/07/2016,655.11,657.80,654.79,656.99,60703500.00,10338900000.00,656.99,,
28/07/2016,654.49,657.60,654.49,655.04,86428400.00,10328100000.00,655.04,,
27/07/2016,651.63,657.46,648.45,654.35,147461000.00,10281900000.00,654.35,,
26/07/2016,654.23,656.23,645.88,651.78,225135000.00,10321900000.00,651.78,,
25/07/2016,661.26,661.83,653.40,654.10,78176500.00,10431900000.00,654.1,,
24/07/2016,655.41,663.11,652.79,661.29,118184000.00,10338600000.00,661.29,,
23/07/2016,650.73,656.37,648.52,655.56,69532200.00,10263700000.00,655.56,,
22/07/2016,664.92,666.58,646.72,650.62,134169000.00,10486600000.00,650.62,,
21/07/2016,665.23,666.22,660.42,665.01,60491800.00,10490300000.00,665.01,,
20/07/2016,672.81,672.93,663.36,665.69,94636400.00,10608600000.00,665.69,,
19/07/2016,672.74,673.28,667.63,672.86,61203300.00,10606500000.00,672.86,,
18/07/2016,679.81,681.56,668.63,673.11,69465000.00,10716800000.00,673.11,,
17/07/2016,661.99,682.37,661.99,679.46,74407900.00,10434700000.00,679.46,,
16/07/2016,663.78,666.46,659.33,660.77,50330200.00,10461700000.00,660.77,,
15/07/2016,659.17,667.08,659.04,663.26,81673100.00,10387900000.00,663.26,,
14/07/2016,652.92,662.90,652.92,658.08,98511400.00,10288400000.00,658.08,,
13/07/2016,664.80,668.70,654.47,654.47,131449000.00,10474500000.00,654.47,,
12/07/2016,648.28,675.26,646.78,664.55,138173000.00,10213100000.00,664.55,,
11/07/2016,648.48,659.63,644.98,647.66,107910000.00,10215200000.00,647.66,,
10/07/2016,650.60,652.29,641.26,649.36,102532000.00,10247300000.00,649.36,,
9/07/2016,666.38,666.38,633.40,650.96,180536000.00,10493800000.00,650.96,,
8/07/2016,640.69,666.71,636.47,666.52,141970000.00,10086900000.00,666.52,,
7/07/2016,678.09,682.43,611.83,640.56,258091000.00,10673400000.00,640.56,,
6/07/2016,670.42,681.90,670.42,677.33,134961000.00,10550300000.00,677.33,,
5/07/2016,683.21,683.49,665.07,670.63,130476000.00,10749100000.00,670.63,,
4/07/2016,658.80,683.66,650.51,683.66,92008400.00,10362700000.00,683.66,,
3/07/2016,704.97,704.97,649.01,658.66,129512000.00,11086100000.00,658.66,,
2/07/2016,676.73,703.70,676.40,703.70,112354000.00,10639600000.00,703.7,,
1/07/2016,672.52,686.15,669.59,676.30,134431000.00,10570600000.00,676.3,,
30/06/2016,640.59,675.40,636.61,673.34,138980000.00,10066400000.00,673.34,,
29/06/2016,644.12,644.68,628.28,639.89,142456000.00,10119600000.00,639.89,,
28/06/2016,658.10,659.25,637.77,647.00,138385000.00,10336800000.00,647,,
27/06/2016,629.35,655.28,620.52,655.28,122134000.00,9882840000.00,655.28,,
26/06/2016,665.93,665.98,616.93,629.37,109225000.00,10454900000.00,629.37,,
25/06/2016,665.28,691.73,646.56,665.12,126656000.00,10442000000.00,665.12,,
24/06/2016,625.58,681.73,625.27,665.30,224317000.00,9816730000.00,665.3,,
23/06/2016,597.44,629.33,558.14,623.98,253462000.00,9373190000.00,623.98,,
22/06/2016,665.92,678.67,587.48,596.12,266393000.00,10445300000.00,596.12,,
21/06/2016,735.88,735.88,639.07,666.65,309944000.00,11540000000.00,666.65,,
20/06/2016,763.93,764.08,732.73,737.23,174511000.00,11976700000.00,737.23,,
19/06/2016,756.69,766.62,745.63,763.78,136185000.00,11859800000.00,763.78,,
18/06/2016,748.76,777.99,733.93,756.23,252718000.00,11732600000.00,756.23,,
17/06/2016,768.49,775.36,716.56,748.91,363321000.00,12038900000.00,748.91,,
16/06/2016,696.52,773.72,696.52,766.31,271634000.00,10908900000.00,766.31,,
15/06/2016,685.69,696.30,672.56,694.47,99223800.00,10736600000.00,694.47,,
14/06/2016,704.50,704.50,662.80,685.56,186694000.00,11028900000.00,685.56,,
13/06/2016,671.65,716.00,664.49,704.38,243295000.00,10511900000.00,704.38,,
12/06/2016,609.68,684.84,607.04,672.78,277085000.00,9539850000.00,672.78,,
11/06/2016,578.67,607.12,578.67,606.73,82357000.00,9052360000.00,606.73,,
10/06/2016,575.84,579.13,573.33,577.47,66991900.00,9005920000.00,577.47,,
9/06/2016,582.20,582.20,570.95,574.63,71301000.00,9103080000.00,574.63,,
8/06/2016,577.17,582.84,573.13,581.65,80265800.00,9022250000.00,581.65,,
7/06/2016,585.45,590.26,567.51,576.60,107770000.00,9149580000.00,576.6,,
6/06/2016,574.60,586.47,574.60,585.54,72138900.00,8977700000.00,585.54,,
5/06/2016,573.31,582.81,569.18,574.98,68874100.00,8955060000.00,574.98,,
4/06/2016,569.71,590.13,564.24,572.73,94925300.00,8897080000.00,572.73,,
3/06/2016,537.68,574.64,536.92,569.19,122020000.00,8395070000.00,569.19,,
2/06/2016,536.52,540.35,533.08,537.97,60378200.00,8375000000.00,537.97,,
1/06/2016,531.11,543.08,525.64,536.92,86061800.00,8288680000.00,536.92,,
31/05/2016,534.19,546.62,520.66,531.39,138450000.00,8335100000.00,531.39,,
30/05/2016,528.47,544.35,522.96,533.86,87958700.00,8243960000.00,533.86,,
29/05/2016,527.48,553.96,512.18,526.23,148737000.00,8226500000.00,526.23,,
28/05/2016,473.03,533.47,472.70,530.04,181199000.00,7375780000.00,530.04,,
27/05/2016,453.52,478.15,453.52,473.46,164781000.00,7070010000.00,473.46,,
26/05/2016,449.67,453.64,447.90,453.38,65203800.00,7008500000.00,453.38,,
25/05/2016,446.06,450.30,446.06,449.60,65231000.00,6950690000.00,449.6,,
24/05/2016,444.29,447.10,443.93,445.98,65783100.00,6921460000.00,445.98,,
23/05/2016,439.35,444.35,438.82,444.16,50582500.00,6842470000.00,444.16,,
22/05/2016,443.22,443.43,439.04,439.32,39657600.00,6900700000.00,439.32,,
21/05/2016,442.97,443.78,441.71,443.19,42762300.00,6895230000.00,443.19,,
20/05/2016,437.79,444.05,437.39,442.68,81987900.00,6813080000.00,442.68,,
19/05/2016,454.52,454.63,438.72,438.72,96027400.00,7072090000.00,438.72,,
18/05/2016,453.69,456.00,453.30,454.62,86850100.00,7057390000.00,454.62,,
17/05/2016,454.01,455.07,453.61,453.78,64100300.00,7060730000.00,453.78,,
16/05/2016,457.59,458.20,452.95,454.16,59171500.00,7114740000.00,454.16,,
15/05/2016,455.76,458.69,455.46,457.57,28514000.00,7084760000.00,457.57,,
14/05/2016,455.82,456.84,454.79,455.67,37209000.00,7084100000.00,455.67,,
13/05/2016,454.85,457.06,453.45,455.67,60845000.00,7067270000.00,455.67,,
12/05/2016,452.45,454.95,449.25,454.77,59849300.00,7028330000.00,454.77,,
11/05/2016,450.86,454.58,450.86,452.73,50605200.00,7002230000.00,452.73,,
10/05/2016,460.52,461.93,448.95,450.90,58956100.00,7150370000.00,450.9,,
9/05/2016,458.21,462.48,456.53,460.48,55493100.00,7112510000.00,460.48,,
8/05/2016,458.43,459.42,455.98,458.55,40315000.00,7114060000.00,458.55,,
7/05/2016,459.64,460.68,457.32,458.54,38364500.00,7131120000.00,458.54,,
6/05/2016,447.94,461.38,447.07,459.60,72796800.00,6947800000.00,459.6,,
5/05/2016,446.71,448.51,445.88,447.98,50440800.00,6926990000.00,447.98,,
4/05/2016,450.18,450.38,445.63,446.72,50407300.00,6978950000.00,446.72,,
3/05/2016,444.73,451.10,442.62,450.30,59366400.00,6892690000.00,450.3,,
2/05/2016,451.93,452.45,441.78,444.67,92127000.00,7002610000.00,444.67,,
1/05/2016,448.48,452.48,447.93,451.88,40660100.00,6947430000.00,451.88,,
30/04/2016,455.18,455.59,447.70,448.32,69322600.00,7049460000.00,448.32,,
29/04/2016,449.41,455.38,446.02,455.10,49258500.00,6958330000.00,455.1,,
28/04/2016,445.04,449.55,436.65,449.01,74064700.00,6889170000.00,449.01,,
27/04/2016,466.26,467.08,444.13,444.69,93564900.00,7216190000.00,444.69,,
26/04/2016,461.65,467.97,461.62,466.09,78971900.00,7143060000.00,466.09,,
25/04/2016,459.12,466.62,453.59,461.43,87091800.00,7102490000.00,461.43,,
24/04/2016,450.56,460.15,448.93,458.56,68198400.00,6968570000.00,458.56,,
23/04/2016,445.86,450.28,444.33,450.28,50485400.00,6894280000.00,450.28,,
22/04/2016,449.69,449.81,444.15,445.74,58804400.00,6951860000.00,445.74,,
21/04/2016,441.42,450.55,440.95,449.43,68204700.00,6822320000.00,449.43,,
20/04/2016,435.32,443.05,434.41,441.39,72890100.00,6726370000.00,441.39,,
19/04/2016,428.70,436.02,428.10,435.51,52810500.00,6622450000.00,435.51,,
18/04/2016,427.61,429.27,427.09,428.59,55670900.00,6604150000.00,428.59,,
17/04/2016,430.64,431.37,426.08,427.40,52125900.00,6649170000.00,427.4,,
16/04/2016,429.58,432.63,428.98,430.57,39392800.00,6631310000.00,430.57,,
15/04/2016,424.43,429.93,424.43,429.71,54801500.00,6550350000.00,429.71,,
14/04/2016,423.94,425.37,423.01,424.28,45281000.00,6541030000.00,424.28,,
13/04/2016,425.63,426.66,422.92,423.73,69060400.00,6565470000.00,423.73,,
12/04/2016,422.84,427.28,422.84,425.19,70728800.00,6520870000.00,425.19,,
11/04/2016,421.87,422.74,420.53,422.48,50747500.00,6504290000.00,422.48,,
10/04/2016,419.59,422.44,419.26,421.56,73478600.00,6467330000.00,421.56,,
9/04/2016,420.81,420.89,416.52,419.41,49792700.00,6484410000.00,419.41,,
8/04/2016,422.91,425.36,419.64,420.35,63454700.00,6515190000.00,420.35,,
7/04/2016,423.62,423.66,420.52,422.75,57858600.00,6524680000.00,422.75,,
6/04/2016,424.28,424.53,422.73,423.41,59091000.00,6533260000.00,423.41,,
5/04/2016,421.02,424.26,420.61,424.03,60718000.00,6481350000.00,424.03,,
4/04/2016,421.30,422.34,419.60,421.44,50634300.00,6483910000.00,421.44,,
3/04/2016,421.17,421.58,419.70,420.90,38053700.00,6480470000.00,420.9,,
2/04/2016,418.42,422.08,418.42,420.87,45681200.00,6436700000.00,420.87,,
1/04/2016,416.76,418.17,415.83,417.96,51235700.00,6409540000.00,417.96,,
31/03/2016,415.26,418.37,415.26,416.73,60215200.00,6385140000.00,416.73,,
30/03/2016,416.83,416.83,412.50,414.82,66034100.00,6407840000.00,414.82,,
29/03/2016,424.30,426.20,412.68,416.52,75411500.00,6521010000.00,416.52,,
28/03/2016,426.55,426.86,423.29,424.23,68522800.00,6553700000.00,424.23,,
27/03/2016,418.14,428.80,417.71,426.77,71229400.00,6423040000.00,426.77,,
26/03/2016,417.37,418.99,416.26,417.95,44650400.00,6409500000.00,417.95,,
25/03/2016,416.51,418.08,415.56,417.18,52560000.00,6394850000.00,417.18,,
24/03/2016,418.42,418.68,415.49,416.39,68346700.00,6422730000.00,416.39,,
23/03/2016,418.16,419.27,417.36,418.04,61444200.00,6417130000.00,418.04,,
22/03/2016,413.13,418.38,412.53,418.09,66813300.00,6338430000.00,418.09,,
21/03/2016,413.42,413.42,410.38,413.31,61655400.00,6341380000.00,413.31,,
20/03/2016,410.40,414.63,410.40,413.76,45947900.00,6293610000.00,413.76,,
19/03/2016,409.27,410.98,407.23,410.44,58423000.00,6274790000.00,410.44,,
18/03/2016,420.55,420.55,406.14,409.55,104940000.00,6446330000.00,409.55,,
17/03/2016,417.89,421.00,417.89,420.62,83528600.00,6404130000.00,420.62,,
16/03/2016,416.89,417.69,415.91,417.01,65185800.00,6387190000.00,417.01,,
15/03/2016,416.39,418.13,414.99,416.83,66781700.00,6377870000.00,416.83,,
14/03/2016,414.20,416.68,414.20,416.44,95259400.00,6342780000.00,416.44,,
13/03/2016,411.65,416.60,411.64,414.07,74322800.00,6302330000.00,414.07,,
12/03/2016,421.61,421.80,410.09,411.62,92712900.00,6453260000.00,411.62,,
11/03/2016,417.24,423.93,417.01,421.69,73969700.00,6384740000.00,421.69,,
10/03/2016,414.74,417.51,413.25,417.13,81022900.00,6344960000.00,417.13,,
9/03/2016,413.89,416.03,411.61,414.86,70012300.00,6330230000.00,414.86,,
8/03/2016,414.47,416.24,411.09,413.97,70311700.00,6337370000.00,413.97,,
7/03/2016,407.76,415.92,406.31,414.32,85762400.00,6233430000.00,414.32,,
6/03/2016,400.53,411.91,395.78,407.71,91212500.00,6121400000.00,407.71,,
5/03/2016,410.78,411.26,394.04,400.57,135385000.00,6276610000.00,400.57,,
4/03/2016,421.84,425.18,410.94,410.94,90856100.00,6443890000.00,410.94,,
3/03/2016,423.91,425.37,419.41,421.65,100484000.00,6474150000.00,421.65,,
2/03/2016,435.13,435.92,423.99,423.99,74955300.00,6643810000.00,423.99,,
1/03/2016,437.92,439.65,432.32,435.12,74895800.00,6684800000.00,435.12,,
29/02/2016,433.44,441.51,431.69,437.70,60694700.00,6614980000.00,437.7,,
28/02/2016,432.57,435.68,423.82,433.50,53033400.00,6600310000.00,433.5,,
27/02/2016,432.84,434.23,428.10,432.52,41893600.00,6602810000.00,432.52,,
26/02/2016,424.63,432.15,421.62,432.15,61486000.00,6476080000.00,432.15,,
25/02/2016,425.04,427.72,420.42,424.54,70798000.00,6480650000.00,424.54,,
24/02/2016,420.96,425.55,413.91,424.96,67743700.00,6417190000.00,424.96,,
23/02/2016,438.26,439.86,417.82,420.74,85244900.00,6679400000.00,420.74,,
22/02/2016,438.99,439.05,432.92,437.75,85385200.00,6689200000.00,437.75,,
21/02/2016,437.77,448.05,429.08,438.80,89820700.00,6669260000.00,438.8,,
20/02/2016,421.60,441.98,421.60,437.16,93992100.00,6421310000.00,437.16,,
19/02/2016,422.73,423.10,417.60,420.79,55711300.00,6436980000.00,420.79,,
18/02/2016,416.57,426.00,415.64,422.37,76752600.00,6341430000.00,422.37,,
17/02/2016,407.66,421.17,406.78,416.32,83193600.00,6204150000.00,416.32,,
16/02/2016,401.43,408.95,401.43,407.49,73093100.00,6108040000.00,407.49,,
15/02/2016,407.57,410.38,397.75,400.19,74070500.00,6199850000.00,400.19,,
14/02/2016,392.93,407.23,392.93,407.23,74469800.00,5975580000.00,407.23,,
13/02/2016,384.64,391.86,384.64,391.86,61911700.00,5847990000.00,391.86,,
12/02/2016,379.69,384.95,379.60,384.26,67042800.00,5771040000.00,384.26,,
11/02/2016,382.11,383.13,376.40,379.65,74375600.00,5806110000.00,379.65,,
10/02/2016,376.15,385.48,375.78,381.65,85130900.00,5713880000.00,381.65,,
9/02/2016,373.42,377.25,372.90,376.03,55318500.00,5670880000.00,376.03,,
8/02/2016,376.76,379.88,373.33,373.45,47671100.00,5720100000.00,373.45,,
7/02/2016,376.51,380.87,374.90,376.62,37076300.00,5714760000.00,376.62,,
6/02/2016,386.59,386.63,372.39,376.52,49249300.00,5865740000.00,376.52,,
5/02/2016,388.90,391.09,385.57,386.55,43825000.00,5898960000.00,386.55,,
4/02/2016,370.17,391.61,369.99,389.59,69285500.00,5613380000.00,389.59,,
3/02/2016,374.65,374.95,368.05,369.95,45933400.00,5679530000.00,369.95,,
2/02/2016,372.92,375.88,372.92,374.45,40378700.00,5651690000.00,374.45,,
1/02/2016,369.35,378.07,367.96,373.06,51656700.00,5596090000.00,373.06,,
31/01/2016,378.29,380.35,367.84,368.77,37894300.00,5729870000.00,368.77,,
30/01/2016,378.87,380.92,376.49,378.26,30284400.00,5736760000.00,378.26,,
29/01/2016,380.11,384.38,365.45,379.47,86125300.00,5753970000.00,379.47,,
28/01/2016,395.15,395.50,379.74,380.29,59247900.00,5980180000.00,380.29,,
27/01/2016,392.44,396.84,391.78,394.97,47424400.00,5937780000.00,394.97,,
26/01/2016,392.00,397.77,390.58,392.15,58147000.00,5929520000.00,392.15,,
25/01/2016,402.32,402.32,388.55,391.73,59062400.00,6083900000.00,391.73,,
24/01/2016,388.10,405.49,387.51,402.97,54824800.00,5867300000.00,402.97,,
23/01/2016,382.43,394.54,381.98,387.49,56247400.00,5779890000.00,387.49,,
22/01/2016,409.75,410.41,375.28,382.49,91546600.00,6190940000.00,382.49,,
21/01/2016,419.63,422.88,406.30,410.26,68338000.00,6338800000.00,410.26,,
20/01/2016,379.74,425.27,376.60,420.23,121720000.00,5734760000.00,420.23,,
19/01/2016,387.03,387.73,378.97,380.15,46819800.00,5843510000.00,380.15,,
18/01/2016,381.73,388.10,376.67,387.17,54403900.00,5761940000.00,387.17,,
17/01/2016,387.15,390.97,380.09,382.30,45319600.00,5842270000.00,382.3,,
16/01/2016,365.07,390.56,354.91,387.54,120352000.00,5507790000.00,387.54,,
15/01/2016,430.26,430.26,364.33,364.33,153351000.00,6489870000.00,364.33,,
14/01/2016,432.29,433.32,427.85,430.31,43945500.00,6519110000.00,430.31,,
13/01/2016,434.67,435.19,424.44,432.37,173888000.00,6553350000.00,432.37,,
12/01/2016,448.18,448.18,435.69,435.69,115607000.00,6755220000.00,435.69,,
11/01/2016,448.70,450.66,443.86,448.43,40450000.00,6761090000.00,448.43,,
10/01/2016,448.24,448.31,440.35,447.99,35995900.00,6752210000.00,447.99,,
9/01/2016,453.38,454.64,446.89,447.61,32278000.00,6828000000.00,447.61,,
8/01/2016,457.54,462.93,447.94,453.23,56993000.00,6888600000.00,453.23,,
7/01/2016,430.01,458.77,429.08,458.05,87562200.00,6472580000.00,458.05,,
6/01/2016,431.86,431.86,426.34,429.11,34042500.00,6498830000.00,429.11,,
5/01/2016,433.07,434.18,429.68,431.96,34522600.00,6515380000.00,431.96,,
4/01/2016,430.06,434.52,429.08,433.09,38477500.00,6468180000.00,433.09,,
3/01/2016,433.58,433.74,424.71,430.01,39633800.00,6519500000.00,430.01,,
2/01/2016,434.62,436.06,431.87,433.44,30096600.00,6533630000.00,433.44,,
1/01/2016,430.72,436.25,427.52,434.33,36278900.00,6473530000.00,434.33,,
31/12/2015,425.88,432.92,418.74,430.57,45996600.00,6399190000.00,430.57,,
30/12/2015,433.30,434.39,422.08,426.62,46889400.00,6508960000.00,426.62,,
29/12/2015,422.10,432.98,420.63,432.98,51596500.00,6339010000.00,432.98,,
28/12/2015,423.34,429.77,418.48,422.28,49638600.00,6356100000.00,422.28,,
27/12/2015,416.51,424.01,408.88,422.82,53591200.00,6251440000.00,422.82,,
26/12/2015,455.76,457.49,405.76,417.27,116166000.00,6838480000.00,417.27,,
25/12/2015,454.86,458.31,452.08,455.65,39078500.00,6823120000.00,455.65,,
24/12/2015,443.09,458.46,443.08,454.99,57157200.00,6645120000.00,454.99,,
23/12/2015,436.72,444.53,436.62,442.40,47161400.00,6547850000.00,442.4,,
22/12/2015,437.44,443.69,435.52,436.57,50840400.00,6556960000.00,436.57,,
21/12/2015,442.84,444.73,427.31,438.64,77639700.00,6636280000.00,438.64,,
20/12/2015,462.23,462.65,434.34,442.69,75409400.00,6925030000.00,442.69,,
19/12/2015,463.55,465.58,456.77,462.32,47892700.00,6942950000.00,462.32,,
18/12/2015,455.85,465.18,454.94,463.62,60220100.00,6825640000.00,463.62,,
17/12/2015,454.78,457.86,448.86,456.08,47978400.00,6807850000.00,456.08,,
16/12/2015,465.21,465.21,443.85,454.93,107944000.00,6962090000.00,454.93,,
15/12/2015,443.88,465.32,443.88,465.32,83121100.00,6640850000.00,465.32,,
14/12/2015,433.27,447.14,430.46,444.18,130496000.00,6480070000.00,444.18,,
13/12/2015,431.66,441.68,426.27,433.76,55050600.00,6454430000.00,433.76,,
12/12/2015,452.34,469.10,410.74,435.00,131969000.00,6761730000.00,435,,
11/12/2015,415.28,451.94,415.28,451.94,110944000.00,6206150000.00,451.94,,
10/12/2015,417.99,419.51,411.55,415.48,52138900.00,6244360000.00,415.48,,
9/12/2015,414.44,423.12,406.29,417.56,90917200.00,6189620000.00,417.56,,
8/12/2015,395.75,415.56,389.95,415.56,57801400.00,5908810000.00,415.56,,
7/12/2015,389.98,399.97,385.41,395.54,63455800.00,5821140000.00,395.54,,
6/12/2015,389.56,402.81,387.09,388.78,77762000.00,5813290000.00,388.78,,
5/12/2015,363.72,389.79,363.23,388.95,66282200.00,5426180000.00,388.95,,
4/12/2015,361.26,363.52,355.76,363.18,35784100.00,5388110000.00,363.18,,
3/12/2015,359.33,370.28,357.41,361.05,50714900.00,5358040000.00,361.05,,
2/12/2015,361.85,362.23,349.47,359.19,54160500.00,5394070000.00,359.19,,
1/12/2015,377.41,378.93,356.56,362.49,60452200.00,5624580000.00,362.49,,
30/11/2015,371.44,382.36,370.38,377.32,71701600.00,5534000000.00,377.32,,
29/11/2015,357.47,371.94,355.67,371.29,40409300.00,5324610000.00,371.29,,
28/11/2015,357.14,359.54,352.17,357.38,36816600.00,5318300000.00,357.38,,
27/11/2015,351.86,363.59,347.87,358.04,55179100.00,5238500000.00,358.04,,
26/11/2015,328.30,366.76,328.23,352.68,106105000.00,4886330000.00,352.68,,
25/11/2015,320.05,329.13,316.77,328.21,41666900.00,4762230000.00,328.21,,
24/11/2015,323.01,323.06,318.12,320.05,29362600.00,4805160000.00,320.05,,
23/11/2015,324.35,325.12,321.29,323.05,27478900.00,4823700000.00,323.05,,
22/11/2015,326.98,327.01,321.26,324.54,23439400.00,4861340000.00,324.54,,
21/11/2015,322.09,328.16,319.60,326.93,28200500.00,4787340000.00,326.93,,
20/11/2015,326.41,326.47,312.22,322.02,53152900.00,4850170000.00,322.02,,
19/11/2015,334.68,335.33,325.27,326.15,45011100.00,4971880000.00,326.15,,
18/11/2015,334.59,336.53,330.64,334.59,43783800.00,4969330000.00,334.59,,
17/11/2015,330.36,338.35,329.61,335.09,51001600.00,4905260000.00,335.09,,
16/11/2015,319.74,331.63,315.91,330.75,47980100.00,4746070000.00,330.75,,
15/11/2015,333.05,334.66,317.49,320.17,44213100.00,4942420000.00,320.17,,
14/11/2015,336.62,338.18,329.97,332.91,38612000.00,4994250000.00,332.91,,
13/11/2015,338.50,340.91,326.08,336.75,52003000.00,5020700000.00,336.75,,
12/11/2015,314.08,345.08,313.36,338.15,78477800.00,4657240000.00,338.15,,
11/11/2015,339.82,340.59,301.00,311.08,107070000.00,5037510000.00,311.08,,
10/11/2015,379.98,381.39,329.11,336.82,95797900.00,5631520000.00,336.82,,
9/11/2015,374.32,385.28,362.90,380.26,68224400.00,5546240000.00,380.26,,
8/11/2015,384.28,389.90,368.70,373.37,51817600.00,5692390000.00,373.37,,
7/11/2015,374.27,390.59,372.43,386.48,56625100.00,5542680000.00,386.48,,
6/11/2015,388.05,395.84,354.03,374.47,122687000.00,5745320000.00,374.47,,
5/11/2015,408.08,447.56,374.58,386.35,151825000.00,6040410000.00,386.35,,
4/11/2015,403.66,495.56,380.55,411.56,263900000.00,5973510000.00,411.56,,
3/11/2015,361.87,417.90,357.65,403.42,206162000.00,5353680000.00,403.42,,
2/11/2015,325.94,365.36,323.21,361.19,101918000.00,4820850000.00,361.19,,
1/11/2015,315.01,327.47,311.88,325.43,37001100.00,4657890000.00,325.43,,
31/10/2015,328.51,332.78,309.25,314.17,48598100.00,4856410000.00,314.17,,
30/10/2015,313.94,334.17,313.94,328.02,78305000.00,4639690000.00,328.02,,
29/10/2015,304.32,318.17,301.82,313.86,64495900.00,4496390000.00,313.86,,
28/10/2015,293.70,306.33,293.70,304.62,50808100.00,4338430000.00,304.62,,
27/10/2015,285.18,296.21,285.01,293.79,46331800.00,4211500000.00,293.79,,
26/10/2015,283.63,285.30,280.51,285.30,32108800.00,4187410000.00,285.3,,
25/10/2015,281.45,294.06,281.45,283.68,45717100.00,4154100000.00,283.68,,
24/10/2015,276.50,281.71,276.50,281.65,25942400.00,4080140000.00,281.65,,
23/10/2015,273.65,278.68,273.54,276.50,29442500.00,4037010000.00,276.5,,
22/10/2015,266.50,276.51,266.14,274.02,37808600.00,3930500000.00,274.02,,
21/10/2015,269.31,270.77,263.84,266.27,25637300.00,3970980000.00,266.27,,
20/10/2015,263.57,270.84,263.23,269.46,30889800.00,3885570000.00,269.46,,
19/10/2015,261.86,264.82,260.95,263.44,25258800.00,3859270000.00,263.44,,
18/10/2015,270.91,271.67,260.78,261.64,22434300.00,3991620000.00,261.64,,
17/10/2015,262.75,273.58,262.37,270.64,43199600.00,3870490000.00,270.64,,
16/10/2015,254.30,266.14,253.93,262.87,35901500.00,3745090000.00,262.87,,
15/10/2015,252.11,255.96,252.05,254.32,25223500.00,3711800000.00,254.32,,
14/10/2015,249.49,254.28,248.90,251.99,27462600.00,3672370000.00,251.99,,
13/10/2015,245.20,250.24,243.76,249.51,28198500.00,3608340000.00,249.51,,
12/10/2015,246.88,247.45,245.18,245.31,17388300.00,3632110000.00,245.31,,
11/10/2015,244.74,247.24,244.15,247.05,16827300.00,3599840000.00,247.05,,
10/10/2015,243.74,245.32,243.07,244.94,15912700.00,3584120000.00,244.94,,
9/10/2015,242.50,244.23,242.12,243.93,17353100.00,3565090000.00,243.93,,
8/10/2015,243.08,244.25,242.18,242.30,18515300.00,3572730000.00,242.3,,
7/10/2015,246.17,246.68,242.59,242.97,22999200.00,3617400000.00,242.97,,
6/10/2015,240.36,246.94,240.14,246.06,27535100.00,3531230000.00,246.06,,
5/10/2015,238.15,240.38,237.04,240.38,23335900.00,3497740000.00,240.38,,
4/10/2015,238.53,238.97,237.94,238.26,12999000.00,3502460000.00,238.26,,
3/10/2015,237.20,239.32,236.94,238.73,16482700.00,3482100000.00,238.73,,
2/10/2015,237.26,238.54,236.60,237.29,19677900.00,3482190000.00,237.29,,
1/10/2015,236.00,238.45,235.62,237.55,20488800.00,3462800000.00,237.55,,
30/09/2015,236.64,237.73,235.63,236.06,19743500.00,3471280000.00,236.06,,
29/09/2015,239.02,239.80,235.93,236.69,22691300.00,3505090000.00,236.69,,
28/09/2015,232.84,239.34,232.47,239.14,24713000.00,3413630000.00,239.14,,
27/09/2015,234.14,234.53,232.48,232.76,14179900.00,3431860000.00,232.76,,
26/09/2015,235.08,235.40,233.36,234.34,13724100.00,3444730000.00,234.34,,
25/09/2015,234.36,237.43,233.68,235.14,22363600.00,3433300000.00,235.14,,
24/09/2015,230.36,235.65,230.30,234.53,25097800.00,3373850000.00,234.53,,
23/09/2015,230.94,231.84,229.59,230.28,17254100.00,3381390000.00,230.28,,
22/09/2015,226.97,232.39,225.12,230.62,25009300.00,3322420000.00,230.62,,
21/09/2015,231.22,231.22,226.52,227.09,19678800.00,3383840000.00,227.09,,
20/09/2015,231.40,232.37,230.91,231.21,14444700.00,3385770000.00,231.21,,
19/09/2015,232.86,233.21,231.09,231.49,12712600.00,3406390000.00,231.49,,
18/09/2015,233.52,234.35,232.19,232.98,20242200.00,3415440000.00,232.98,,
17/09/2015,229.08,230.29,228.93,229.81,18935400.00,3349390000.00,229.81,,
16/09/2015,230.25,231.22,227.40,229.09,20144200.00,3365740000.00,229.09,,
15/09/2015,230.49,259.18,229.82,230.30,19177800.00,3368360000.00,230.3,,
14/09/2015,230.61,232.44,227.96,230.64,20997800.00,3369190000.00,230.64,,
13/09/2015,235.24,235.94,229.33,230.51,18478800.00,3435990000.00,230.51,,
12/09/2015,239.86,240.12,234.75,235.23,17962600.00,3502520000.00,235.23,,
11/09/2015,238.33,241.17,238.33,240.11,19224700.00,3479310000.00,240.11,,
10/09/2015,238.34,241.29,235.79,238.48,21215500.00,3478410000.00,238.48,,
9/09/2015,243.42,244.42,237.82,238.17,23635700.00,3551640000.00,238.17,,
8/09/2015,239.85,245.78,239.68,243.61,26879200.00,3498750000.00,243.61,,
7/09/2015,239.93,242.11,238.72,239.85,21192200.00,3499120000.00,239.85,,
6/09/2015,234.87,242.91,234.68,239.84,25473700.00,3424420000.00,239.84,,
5/09/2015,230.20,236.14,229.44,235.02,20671400.00,3355470000.00,235.02,,
4/09/2015,227.22,230.90,227.05,230.30,20962400.00,3311080000.00,230.3,,
3/09/2015,229.32,229.61,226.67,227.18,17482000.00,3340990000.00,227.18,,
2/09/2015,228.03,230.58,226.48,229.28,18760400.00,3321180000.00,229.28,,
1/09/2015,230.26,231.22,226.86,228.12,20575200.00,3352760000.00,228.12,,
31/08/2015,229.11,231.96,225.92,230.06,20710700.00,3335220000.00,230.06,,
30/08/2015,229.90,232.07,226.25,228.76,19412600.00,3345740000.00,228.76,,
29/08/2015,231.55,233.22,227.33,229.78,17142500.00,3368880000.00,229.78,,
28/08/2015,224.70,235.22,220.93,231.40,31336600.00,3268370000.00,231.4,,
27/08/2015,226.05,228.64,223.68,224.77,21905400.00,3287220000.00,224.77,,
26/08/2015,222.08,231.18,220.20,225.83,31808000.00,3228540000.00,225.83,,
25/08/2015,210.07,226.32,199.57,221.61,61089200.00,3053250000.00,221.61,,
24/08/2015,228.11,228.14,210.44,210.50,59220700.00,3314640000.00,210.5,,
23/08/2015,230.38,232.71,225.58,228.17,18406600.00,3346760000.00,228.17,,
22/08/2015,232.66,234.96,222.70,230.39,23205900.00,3379050000.00,230.39,,
21/08/2015,235.36,236.43,231.72,232.57,23173800.00,3417200000.00,232.57,,
20/08/2015,226.90,237.37,226.90,235.35,32275000.00,3293570000.00,235.35,,
19/08/2015,225.67,237.41,222.77,226.68,60869200.00,3274860000.00,226.68,,
18/08/2015,257.93,257.99,211.08,211.08,42147200.00,3742020000.00,211.08,,
17/08/2015,258.49,260.51,257.12,257.98,21617900.00,3749260000.00,257.98,,
16/08/2015,261.87,262.44,257.04,258.51,29717000.00,3797330000.00,258.51,,
15/08/2015,265.53,266.67,261.30,261.55,19321100.00,3849530000.00,261.55,,
14/08/2015,264.13,267.47,261.48,265.68,27091200.00,3828340000.00,265.68,,
13/08/2015,266.18,266.23,262.84,264.08,27685500.00,3857090000.00,264.08,,
12/08/2015,270.60,270.67,265.47,266.38,26815400.00,3920210000.00,266.38,,
11/08/2015,264.34,270.39,264.09,270.39,25433900.00,3828500000.00,270.39,,
10/08/2015,265.48,267.03,262.60,264.47,20979400.00,3843850000.00,264.47,,
9/08/2015,261.12,267.00,260.47,265.08,23789600.00,3779770000.00,265.08,,
8/08/2015,279.74,279.93,260.71,261.00,58533000.00,4048270000.00,261,,
7/08/2015,278.74,280.39,276.37,279.59,42484800.00,4032820000.00,279.59,,
6/08/2015,281.91,281.91,278.40,278.58,18792100.00,4077600000.00,278.58,,
5/08/2015,284.85,285.50,281.49,281.88,20128000.00,4119190000.00,281.88,,
4/08/2015,281.23,285.72,281.23,285.22,21908700.00,4065870000.00,285.22,,
3/08/2015,282.81,285.47,280.23,281.23,21474100.00,4087610000.00,281.23,,
2/08/2015,280.45,283.03,277.53,282.61,17722200.00,4052470000.00,282.61,,
1/08/2015,284.69,284.93,278.11,281.60,18995000.00,4112610000.00,281.6,,
31/07/2015,287.70,288.96,282.34,284.65,23629100.00,4155010000.00,284.65,,
30/07/2015,289.10,290.13,286.57,287.72,21635800.00,4174360000.00,287.72,,
29/07/2015,294.48,294.54,288.78,289.59,24672600.00,4250940000.00,289.59,,
28/07/2015,293.63,296.65,293.42,294.43,25453600.00,4237650000.00,294.43,,
27/07/2015,292.64,297.77,287.45,293.62,30592000.00,4222210000.00,293.62,,
26/07/2015,288.64,293.05,287.71,292.69,16032300.00,4163470000.00,292.69,,
25/07/2015,288.16,290.73,286.00,288.70,20662200.00,4155500000.00,288.7,,
24/07/2015,276.01,289.25,275.25,288.28,37199400.00,3978990000.00,288.28,,
23/07/2015,277.34,278.11,275.72,276.05,18531300.00,3997290000.00,276.05,,
22/07/2015,275.66,277.67,274.38,277.22,19389800.00,3971960000.00,277.22,,
21/07/2015,278.88,280.55,275.42,275.83,22930700.00,4017540000.00,275.83,,
20/07/2015,273.50,278.98,272.96,278.98,22711400.00,3938930000.00,278.98,,
19/07/2015,274.77,275.67,272.51,273.61,15332500.00,3956140000.00,273.61,,
18/07/2015,279.33,282.53,274.08,274.90,25187100.00,4020820000.00,274.9,,
17/07/2015,278.09,280.28,272.04,279.47,27591400.00,4001950000.00,279.47,,
16/07/2015,286.04,291.18,275.24,278.09,49482600.00,4115410000.00,278.09,,
15/07/2015,288.05,293.25,285.37,285.83,27486600.00,4143120000.00,285.83,,
14/07/2015,292.03,296.15,286.64,287.46,28727200.00,4199450000.00,287.46,,
13/07/2015,310.83,310.95,281.01,292.05,62053900.00,4468540000.00,292.05,,
12/07/2015,293.14,314.39,292.51,310.87,56405000.00,4213280000.00,310.87,,
11/07/2015,284.88,298.51,283.53,293.12,41109900.00,4093500000.00,293.12,,
10/07/2015,269.16,294.59,268.80,284.89,100390000.00,3866510000.00,284.89,,
9/07/2015,270.83,272.34,267.09,269.23,40301200.00,3889620000.00,269.23,,
8/07/2015,265.98,272.97,264.39,270.79,36980200.00,3818970000.00,270.79,,
7/07/2015,269.96,271.34,264.83,266.21,28857600.00,3875220000.00,266.21,,
6/07/2015,271.11,277.42,267.60,269.03,49154800.00,3890430000.00,269.03,,
5/07/2015,260.81,274.51,258.70,271.91,44156100.00,3741670000.00,271.91,,
4/07/2015,256.49,261.46,254.20,260.89,15620400.00,3678800000.00,260.89,,
3/07/2015,255.46,257.08,253.51,256.34,19033800.00,3662970000.00,256.34,,
2/07/2015,258.55,261.63,254.12,255.41,21551900.00,3706320000.00,255.41,,
1/07/2015,263.35,265.17,255.77,258.62,27029800.00,3774140000.00,258.62,,
